file,line,column,end_line,end_column,true_count,false_count
src/client.rs,355,13,355,21,46,0
src/client.rs,402,21,402,29,0,46
src/client.rs,433,13,433,21,3,0
src/client.rs,478,50,478,63,19,0
src/client.rs,629,59,629,90,16,0
src/client.rs,656,24,656,32,15,0
src/client.rs,811,28,811,36,14,0
src/config.rs,494,12,494,32,0,687
src/conn.rs,91,24,91,38,38,0
src/conn.rs,110,24,110,38,56,0
src/conn.rs,234,16,238,10,13,0
src/conn.rs,304,53,304,59,6,0
src/conn.rs,400,16,400,51,106,0
src/conn.rs,452,16,454,10,2200,0
src/conn.rs,535,27,535,42,1066,0
src/conn.rs,602,55,602,69,0,13
src/conn.rs,613,16,613,53,13,0
src/conn.rs,646,16,646,52,7,0
src/conn.rs,746,16,746,32,1876,0
src/conn.rs,926,20,926,64,1,0
src/conn.rs,958,16,958,43,0,100701
src/conn.rs,959,16,959,43,0,100701
src/conn.rs,963,13,967,10,100701,0
src/conn.rs,1051,12,1051,31,0,245
src/conn.rs,1067,20,1071,14,291,0
src/conn.rs,1073,24,1073,30,0,291
src/crypto/kx.rs,151,12,151,54,0,5311
src/crypto/kx.rs,415,19,415,41,2186,0
src/crypto/kx.rs,439,19,439,41,1549,0
src/crypto/kx.rs,468,19,468,41,1600,0
src/crypto/sign.rs,121,16,121,48,0,19
src/crypto/sign.rs,141,16,141,56,0,27
src/crypto/sign.rs,288,40,288,54,1,0
src/crypto/sign.rs,588,24,588,70,0,5
src/crypto/sign.rs,696,24,696,45,6,0
src/fixed.rs,442,28,442,36,8038,0
src/fixed.rs,620,20,620,53,0,10
src/fixed.rs,657,43,657,60,686,0
src/fixed.rs,723,12,723,20,0,13141
src/fixed.rs,1647,16,1647,27,0,1775
src/fixed.rs,1885,16,1885,40,0,719
src/fixed.rs,1906,36,1906,60,181,0
src/fixed.rs,1934,20,1934,44,0,2
src/fixed.rs,1936,24,1936,92,0,1
src/fixed.rs,1936,71,1936,91,1,0
src/msgs.rs,842,42,842,47,47,0
src/msgs.rs,849,48,849,54,39,0
src/msgs.rs,852,56,852,61,16,0
src/record.rs,119,32,119,52,0,15882
src/record.rs,230,32,230,52,0,8999
src/resumption.rs,147,13,147,25,65546,0
src/resumption.rs,211,13,211,24,295,0
src/server.rs,268,42,268,56,0,10
src/server.rs,589,13,589,26,10,0
src/server.rs,592,13,592,37,10,0
src/server.rs,739,65,739,85,0,1
src/server.rs,1054,41,1054,56,80,0
src/x509.rs,453,18,453,24,44611,0
src/x509.rs,954,24,954,29,51,0
src/x509.rs,969,31,969,36,3,0
src/x509.rs,1578,16,1578,21,0,1
src/x509.rs,1599,20,1599,55,1,0
src/x509.rs,1787,8,1787,33,0,18
src/x509.rs,2637,21,2637,30,0,1635
src/x509_crl.rs,310,28,310,49,27035,0
src/x509_crl.rs,310,53,310,71,27035,0
src/x509_ocsp.rs,471,21,471,39,203,0
