file,source,column,missed,disposition,rationale
src/client.rs,if self.config.tickets.is_some() {,16,false,tested,"tests/coverage_client.rs::ech_without_a_ticket_store_asks_for_no_tickets; with ECH and no ticket store the inner hello carries no psk_key_exchange_modes, so the server issues no ticket (it does when a store is configured)."
src/client.rs,if !compatible {,12,true,tested,"tests/coverage_client.rs::a_ticket_no_offered_suite_can_use_is_not_offered; a SHA-384 ticket is not offered when only SHA-256 suites are, and the session is a full handshake."
src/client.rs,if wanted && self.config.early_data && alpn_ok {,48,false,tested,"tests/coverage_client.rs::no_early_data_when_the_tickets_alpn_is_not_offered; a ticket from an h2 session sends no 0-RTT on a connection offering only http/1.1, still resumes, and returns the data to the caller."
src/client.rs,let Some(st) = self.ech.as_mut() else {,13,false,defensive,Two functions share this key. send_ech_hellos is called from start() immediately after self.ech = Some(EchState{..}) and from on_retry only in the match arm Some(st) if st.status == Accepted; ech_reject is called from on_retry only inside if ech_offered (a matches! on Some) and from on_server_hello only inside if let Some(status) = self.ech. self.ech is never None at either.
src/client.rs,.add(if rejected { &outer_msg } else { &inner_msg });,21,true,defensive,"send_ech_hellos runs only with status Offered (from start, where EchState is built with Offered) or Accepted (on_retry's Accepted arm); after a rejection on_retry re-sends the outer hello through its Some(_) arm instead, so rejected is never true here."
src/client.rs,if let Some(hrr) = retried_msg {,16,true,tested,"tests/coverage_client.rs::ech_rejected_at_a_retry_still_aborts_with_retry_configs; ECH rejected at a HelloRetryRequest rebuilds the transcript from the outer hello and the retry, so the handshake as the public name verifies and ends in ech_required with the retry configs."
src/client.rs,if self.early == EarlyStatus::Offered && !self.retried {,50,false,defensive,"on_retry calls early_rejected (which moves early from Offered to Rejected) before it calls send_hello again, so send_hello never sees Offered with retried set (that path is tests/early_data.rs::a_hello_retry_request_ends_early_data)."
src/client.rs,if !sh.other_extensions.is_empty() {,12,true,tested,tests/coverage_client.rs::a_server_hello_with_an_unoffered_extension_is_refused; an unrequested ServerHello extension is unsupported_extension and that alert is sent.
src/client.rs,if new_group.is_none() && sh.cookie.is_none() {,35,false,tested,tests/coverage_client.rs::a_cookie_only_retry_is_answered_with_the_cookie_and_the_same_shares; a retry carrying only a cookie is accepted and the second hello echoes it.
src/client.rs,"let ech_offered = matches!(&self.ech, Some(st) if st.status == EchStatus::Offered);",59,false,defensive,"on_retry runs at most once (the self.retried check above refuses a second HelloRetryRequest) and ECH status leaves Offered only in on_retry or on_server_hello, which ends WaitServerHello; so whenever ECH state exists at this point its status is Offered."
src/client.rs,if accepted {,16,false,tested,tests/coverage_client.rs::ech_rejected_at_a_retry_still_aborts_with_retry_configs; a retry without a valid ECH confirmation (the server could not decrypt) is taken as rejection.
src/client.rs,if let Some(st) = self.ech.as_mut() {,24,false,defensive,"Inside if ech_offered, which is a matches! on Some(st); self.ech cannot be None here."
src/client.rs,if let Some(g) = new_group {,16,false,tested,tests/coverage_client.rs::a_cookie_only_retry_is_answered_with_the_cookie_and_the_same_shares; with no group named in the retry the second hello keeps the first hello's key shares (asserted equal).
src/client.rs,"if suite_params(t.suite).map(|(_, h)| h) != Some(hash) {",16,true,tested,"tests/coverage_client.rs::a_retry_to_another_hash_withdraws_the_ticket; a retry to a SHA-384 suite removes the SHA-256 ticket from the second hello and the session completes as a full, certificate-authenticated handshake."
src/client.rs,Some(st) if st.status == EchStatus::Accepted => {,25,false,tested,"tests/coverage_client.rs::ech_rejected_at_a_retry_still_aborts_with_retry_configs; after rejection at the retry the client re-sends the outer hello (the Some(_) arm), which the server answers as the public name."
src/client.rs,if ext.hash != hash {,20,true,tested,tests/coverage_client.rs::an_external_psk_accepted_under_another_hash_is_refused; a ServerHello selecting the external PSK under a SHA-384 suite for a SHA-256 PSK is illegal_parameter.
src/client.rs,"if suite_params(t.suite).map(|(_, h)| h) != Some(hash) {",20,true,tested,tests/coverage_client.rs::a_ticket_resumed_under_another_hash_is_refused; a ServerHello resuming a SHA-256 ticket under a SHA-384 suite is illegal_parameter.
src/client.rs,let confirmed = status != EchStatus::Rejected,29,false,tested,"tests/coverage_client.rs::ech_rejected_at_a_retry_still_aborts_with_retry_configs; after rejection at the retry the ServerHello is not checked for a confirmation and the handshake continues as the public name (forcing an error in the (Rejected, false) arm makes the test fail)."
src/client.rs,if let Some(st) = self.ech.as_mut() {,28,false,defensive,Reached only inside if let Some(status) = self.ech.as_ref().map(..) above; self.ech cannot be None here.
src/client.rs,if self.early == EarlyStatus::Offered && psk_taken && self.early_suite == Some(suite) {,50,false,tested,"tests/coverage_client.rs::early_data_to_a_server_that_does_not_resume_is_returned (TLS: the server skips the data, the client returns it) and tests/coverage_client.rs::quic_early_data_accepted_without_its_ticket_or_suite_is_refused (EncryptedExtensions claiming acceptance after a non-resuming ServerHello is illegal_parameter)."
src/client.rs,if self.early == EarlyStatus::Offered && psk_taken && self.early_suite == Some(suite) {,63,false,tested,"tests/coverage_client.rs::early_data_resumed_under_another_suite_is_returned (resumed under AES-128 with a ChaCha20 ticket: data returned, handshake key used) and tests/coverage_client.rs::quic_early_data_accepted_without_its_ticket_or_suite_is_refused (acceptance claimed under the other suite is illegal_parameter)."
src/client.rs,} else if !self.hello.alpn.is_empty() && (self.config.common.require_alpn || core.is_quic()),86,true,tested,tests/coverage_client.rs::quic_refuses_a_server_that_selects_no_alpn; over QUIC a server selecting no ALPN is no_application_protocol (QUIC error 0x0178) although require_alpn is off.
src/client.rs,if let Some(bad) = ee.other_extensions.first() {,16,true,tested,"tests/coverage_client.rs::encrypted_extensions_with_an_unoffered_extension_are_refused; an unknown type and an unrequested max_fragment_length are both unsupported_extension. The line is now if !ee.other_extensions.is_empty() (defect fix, see next row)."
src/client.rs,"if matches!(bad, ExtensionType::Unknown(_)) || *bad == ExtensionType::EarlyData {",64,both,tested,"DEFECT FIXED, condition removed. True was unreachable (EncryptedExtensions::decode stores early_data in ee.early_data, never in other_extensions); false was reachable only by max_fragment_length, the one recognised type allowed in EncryptedExtensions and left in other_extensions, and it gave illegal_parameter where RFC 8446 section 4.2 requires unsupported_extension for an unrequested response. Now always unsupported_extension; tests/coverage_client.rs::encrypted_extensions_with_an_unoffered_extension_are_refused failed before the fix."
src/client.rs,if *check_names {,20,true,tested,"tests/coverage_client.rs::a_pin_with_name_checks_refuses_a_certificate_for_another_name; with check_names on, the pinned key for server.test connects and the same key under other.test is certificate_name_mismatch."
src/client.rs,if !self.hello.sig_algs.contains(&cv.scheme) {,12,true,tested,tests/coverage_client.rs::a_certificate_verify_under_an_unoffered_scheme_is_refused; a CertificateVerify under rsa_pkcs1_sha256 (not offered for handshake signatures) is illegal_parameter before any verification.
src/client.rs,"let (Some(store), Some(res), Some(suite)) =",13,false,tested,"tests/coverage_client.rs::a_ticket_sent_to_a_client_without_a_store_is_ignored; a client with no ticket store counts the ticket and ignores it without failing. The other two patterns are always Some here: tickets are handled only when Connected, after on_finished set resumption_master and the suite."
src/client.rs,if nst.lifetime == 0 {,12,true,tested,tests/coverage_client.rs::a_ticket_with_zero_lifetime_is_discarded; a NewSessionTicket with lifetime 0 is not stored (RFC 8446 section 4.6.1) and one with a lifetime is.
src/client.rs,if now < cert.not_before() || now > cert.not_after() {,8,true,tested,tests/coverage_client.rs::a_pinned_certificate_not_yet_valid_is_refused; a pinned certificate before its notBefore is certificate_expired (the notAfter side is src/conn.rs::a_pinned_certificate_must_be_current).
src/conn.rs,"Some(h) if h.alg() == alg => Ok(()),",24,false,defensive,"start() is called on a started transcript only after a HelloRetryRequest. The client refuses a ServerHello whose suite differs from the retry's (check_common_hello, ""suite changed after HelloRetryRequest"") and the server reuses core.suite after a retry, so the hash cannot change; ech_reject starts a fresh Transcript."
src/conn.rs,Some(h) if h.alg() == alg => {,24,false,defensive,"Was reachable before this change: an external PSK binder recomputed after a retry to a suite of another hash gave internal_error (defect, fixed in client.rs on_retry). Now every caller passes the transcript's own hash: on_retry drops tickets and external PSKs of another hash, the server checks binders under the suite it fixed, and ECH confirmations use the suite check_common_hello pinned."
src/conn.rs,if let Transport::Tls {,16,false,defensive,"Two functions share this key. send_early is called only from send_hello's TLS branch immediately after core.install_write(Level::Early, ..), which sets write to Some on a TLS transport. send_ccs is called only behind !core.is_quic() (client send_hello's else branch, on_retry, on_server_hello; the server's compat test, which requires !is_quic, and send_retry)."
src/conn.rs,"if let Transport::Tls { write, .. } = &mut self.transport {",16,false,tested,"tests/coverage_client.rs::quic_early_data_ends_at_a_retry; under QUIC a HelloRetryRequest ends 0-RTT with no record write key to drop (the stack holds the 0-RTT key), and the client reports the rejection."
src/conn.rs,"Transport::Tls { read: Some(r), .. } if !write => Ok(r.secret().clone()),",53,false,defensive,"For write=true this arm is reached only if the first arm failed, i.e. no write key. current_secret(true) is called only by the client's on_post_handshake_request, which runs when Connected over TLS (QUIC never offers post_handshake_auth, so it is refused first), and on_finished installs the application write key before Connected."
src/conn.rs,"if let Transport::Quic { peer_params, .. } = &mut self.transport {",16,false,defensive,"Both callers (client on_encrypted_extensions, server hello handling) call set_peer_quic_params only in the (true, Some(p)) arm of a match on core.is_quic()."
src/conn.rs,if !sealed && write.is_none() {,27,false,defensive,"Needs sealing an alert to fail with a write key installed. Protector::seal fails only for content over 2^14 (an alert is 2 bytes) or an exhausted key; send() rotates the write key at update_due, 2^16 records before its limit (REQ-CONN-006), and handshake and alert traffic is a few records per key. The check makes a failed seal send nothing rather than fall back to plaintext."
src/conn.rs,if self.state == HandshakeState::Connected {,20,false,tested,"tests/coverage_client.rs::close_notify_during_the_handshake_is_a_failure; close_notify before the handshake completes is handshake_failure, not a clean close."
src/conn.rs,if self.state != HandshakeState::Connected || self.is_quic() {,12,true,tested,tests/coverage_client.rs::key_update_waits_for_the_handshake; key_update() before the handshake completes is invalid_state and nothing is sent.
src/conn.rs,if self.state != HandshakeState::Connected || self.is_quic() {,55,true,defensive,"is_quic() is evaluated only when Connected. A QUIC Connection exists only inside QuicConnection, which keeps it private and exposes no TLS key_update or send; on_key_update refuses QUIC before it could call send_key_update. Kept so a QUIC connection can never emit a TLS KeyUpdate."
src/conn.rs,"if let Transport::Tls { write: Some(p), .. } = &mut self.transport {",16,false,defensive,"Guarded by the check above (Connected and not QUIC); a connected TLS connection always has its application write key, installed by on_finished on the client and before Connected on the server."
src/conn.rs,if self.is_quic() {,12,true,tested,"tests/coverage_client.rs::a_quic_peer_cannot_send_a_tls_key_update; a KeyUpdate in 1-RTT CRYPTO data is unexpected_message, QUIC error 0x010a (RFC 9001 section 6)."
src/conn.rs,if self.state != HandshakeState::Connected {,12,true,tested,tests/coverage_client.rs::key_update_waits_for_the_handshake; a KeyUpdate received before the handshake completes is unexpected_message and that alert is sent.
src/conn.rs,"if let Transport::Tls { read: Some(p), .. } = &mut self.transport {",16,false,defensive,"After the QUIC and Connected checks above, a TLS connection always has its application read key (installed before the state becomes Connected)."
src/conn.rs,if let Role::Client(hs) = &mut conn.role {,16,false,unreachable,conn is constructed two statements earlier with role: Role::Client(Box::new(hs)); the pattern cannot fail.
src/conn.rs,if incoming.len() + data.len(),20,true,tested,"tests/coverage_client.rs::input_beyond_the_buffer_bound_is_record_overflow; one byte over four maximum records plus 16 KiB is record_overflow before any parsing, and the alert is sent."
src/conn.rs,if e.kind() == ErrorKind::BadRecordMac,32,false,tested,"src/conn.rs::a_record_with_no_content_type_is_refused_while_skipping_early_data; while a server skips rejected 0-RTT, a record that authenticates but has an all-zero inner plaintext is still unexpected_message, not skipped."
src/conn.rs,ContentType::ApplicationData if self.core.early_budget.is_some() => {,45,false,tested,"src/conn.rs::application_data_under_handshake_keys_is_refused; application data protected under the client handshake key, with no 0-RTT accepted, takes the general arm and is refused."
src/conn.rs,if content.len() > left {,20,true,tested,src/conn.rs::early_data_beyond_max_early_data_is_refused; 0-RTT up to max_early_data_size is delivered and one byte more is unexpected_message.
src/conn.rs,if self.core.state != HandshakeState::Connected {,20,both,unreachable,"src/conn.rs::application_data_under_handshake_keys_is_refused drives the true outcome (unexpected_message, nothing delivered). The false outcome cannot occur: when Connected, open_in_place consumes every application-data record first; it declines only after close_notify (records are then skipped before delivery), over the negotiated limit (refused before delivery) or with a 0-RTT budget (cleared before Connected)."
src/conn.rs,|| core.early_budget.is_some(),16,true,defensive,"Evaluated only when Connected. early_budget is set only by a server accepting 0-RTT and cleared at EndOfEarlyData, and the server refuses Finished before EndOfEarlyData (""Finished before EndOfEarlyData""), so it is None once Connected."
src/conn.rs,|| core.skip_early_budget != 0,16,true,defensive,Evaluated only when Connected. skip_early_budget is non-zero only on a server that rejected 0-RTT and is reset by the first record that opens; the client's Finished must open before the server is Connected. A QUIC server may keep it non-zero but never reaches open_in_place (read_tls refuses QUIC).
src/conn.rs,let Transport::Tls {,13,false,defensive,"open_in_place is reached only from read_tls, which refuses QUIC transports, and only when Connected, when a TLS connection always has its read key."
src/conn.rs,"matches!(&self.core.transport, Transport::Tls { outgoing, .. } if !outgoing.is_empty())",75,both,tested,"tests/coverage_client.rs::wants_write_reports_queued_bytes; true while the ClientHello is queued, false once take_tls has taken it."
src/conn.rs,if self.core.is_quic() {,12,true,defensive,"Evaluated only when Connected and before sending. A QUIC Connection exists only inside QuicConnection, which keeps it private and has no send(); QUIC application data goes in STREAM frames. Kept so no TLS record is ever produced on a QUIC connection."
src/conn.rs,if let Transport::Tls {,20,false,defensive,Guarded by the Connected and QUIC checks above; a connected TLS connection always has its application write key.
src/conn.rs,"if let Err(e) = p.seal(ContentType::ApplicationData, chunk, pad, outgoing) {",24,true,defensive,"seal fails only for content over 2^14 (chunks are at most frag <= MAX_PLAINTEXT) or an exhausted key, and the update_due check just above rotates the key 2^16 records before its limit (REQ-CONN-006, src/conn.rs::a_key_near_its_limit_is_updated_before_use)."
src/conn.rs,if !self.core.sent_close && self.core.error.is_none() {,12,false,tested,tests/coverage_client.rs::close_notify_is_sent_once_and_never_after_a_failure; a second close() sends nothing.
src/conn.rs,if !self.core.sent_close && self.core.error.is_none() {,37,false,tested,"tests/coverage_client.rs::close_notify_is_sent_once_and_never_after_a_failure; close() after a failure, whose fatal alert was already sent, sends nothing."
src/config.rs,if identity.is_empty() || identity.len() > 1024 {,35,true,tested,src/config.rs::an_external_psk_identity_over_1024_bytes_is_refused; a 1025-byte identity is invalid_config and a 1024-byte one is accepted (REQ-EPSK-003).
src/config.rs,if !profile.available() {,12,true,unreachable,"Profile::available() is a const fn that returns true for every profile in this build (every algorithm a profile names is compiled in), so !profile.available() is constant false; REQ-CFG-004 is verified by Analysis in TRACEABILITY.md, and this branch is what a build lacking an algorithm would take."
src/crypto/kx.rs,if ic_core::ct::is_zero(out).unwrap_u8() == 1 {,12,true,defensive,"For X25519, ic_ec::X25519::agree already refuses an all-zero output (RFC 7748 6.1) and that error is returned as illegal_parameter just before this check (an_all_zero_x25519_secret_is_refused). For P-256/384/521, ic_ec's agree validates the peer point and refuses the identity, so a zero x-coordinate needs d*Q to land on a point with x = 0, which a peer cannot arrange without our ephemeral scalar. Kept so REQ-KX-002 holds whatever IronCrypto does."
src/crypto/kx.rs,"if self.public_key(sk.get(), &mut public).is_ok() {",16,false,tested,"src/crypto/kx.rs::a_stuck_random_source_is_an_entropy_error_not_a_loop; with a source stuck on zero every P-256/P-384/P-521 candidate scalar is invalid, and KeyShare::generate and respond end in error:entropy after the bounded attempts."
src/crypto/kx.rs,"if let Some((ec, kem, _)) = hybrid_of(group) {",12,false,tested,src/crypto/kx.rs::named_but_unimplemented_groups_are_refused; storage_lengths refuses X448 and ffdhe2048 as invalid_config.
src/crypto/kx.rs,"if ec.public_key(private, public).is_ok() {",12,false,tested,"src/crypto/kx.rs::a_stuck_random_source_is_an_entropy_error_not_a_loop; generate_into in caller storage ends in error:entropy for P-256, P-384 and P-521 when every candidate scalar is zero."
src/crypto/kx.rs,"} else if let Some((ec, kem, first)) = hybrid_of(group) {",19,false,unreachable,"Applies to generate_into, complete_into and respond_into (lines 415, 439, 468). Each first calls storage_lengths(group)?, which returns invalid_config unless ec_of, pure_kem_of or hybrid_of names the group; all three are pure matches on the same group, so when ec_of and pure_kem_of are None here hybrid_of is necessarily Some."
src/crypto/kx.rs,"} else if let Some((ec, kem, kem_first)) = hybrid_of(group) {",23,false,tested,src/crypto/kx.rs::named_but_unimplemented_groups_are_refused; KeyShare::generate refuses X448 and ffdhe2048 with handshake_failure.
src/crypto/kx.rs,"let Some((ec, kem, kem_first)) = hybrid_of(group) else {",9,false,tested,src/crypto/kx.rs::named_but_unimplemented_groups_are_refused; respond refuses X448 and ffdhe2048 with handshake_failure.
src/crypto/mod.rs,if s.len() > MAX_HASH_LEN {,12,true,tested,"src/crypto/mod.rs::secret_and_aead_key_lengths_are_bounded; a 65-byte secret is an internal error rather than a slice panic, and a 64-byte one is held."
src/crypto/mod.rs,if key.len() != alg.key_len() {,12,true,tested,"src/crypto/mod.rs::secret_and_aead_key_lengths_are_bounded; empty, one-short and one-long keys are internal errors for AES-128-GCM, AES-256-GCM and ChaCha20-Poly1305."
src/crypto/sign.rs,"if !m::keygen(seed, pk_arr, sk_arr) {",16,true,defensive,"ic_mldsa keygen returns false only when its FIPS 140-3 pairwise-consistency test (sign and verify a fixed probe) fails, i.e. when IronCrypto computes a key pair wrongly; every 32-byte seed is valid input. Kept so such a fault is refused (error:crypto) rather than yielding an unusable key."
src/crypto/sign.rs,"if !m::sign(sk, message, b"""", rnd, sig_arr) {",16,true,defensive,"ic_mldsa sign returns false only for a context over 255 bytes (we pass an empty one) or on reaching its retry cap, which its documentation attributes to a bug or malformed key; the secret key here is always the output of keygen in mldsa_from_seed, which passed its pairwise-consistency test (the seed-and-expanded loader also rebuilds it from the seed)."
src/crypto/sign.rs,} else if n <= 0xffff {,15,false,tested,"src/crypto/sign.rs::push_tlv_lengths_match_the_ic_pkix_writer; bodies of 0x10000 and 0x123456 bytes get X.690 8.1.3 three-octet long-form lengths, byte-identical to ic_pkix's independent DER writer and read back by its reader."
src/crypto/sign.rs,if !self.schemes().contains(&scheme) {,12,true,tested,"src/crypto/sign.rs::sign_into_refuses_a_foreign_scheme_and_short_storage; asking a P-256, P-384 or P-521 key for an Ed25519 signature into caller storage is invalid_config."
src/crypto/sign.rs,if out.len() < ic_pkix::ecdsa_signature::max_der_len(64) {,20,true,tested,"src/crypto/sign.rs::sign_into_refuses_a_foreign_scheme_and_short_storage; P-256 storage one byte under the largest DER signature is capacity_exceeded, and exactly that size holds a signature that verifies."
src/crypto/sign.rs,if out.len() < ic_pkix::ecdsa_signature::max_der_len(96) {,20,true,tested,"src/crypto/sign.rs::sign_into_refuses_a_foreign_scheme_and_short_storage; P-384 storage one byte under the largest DER signature is capacity_exceeded, and exactly that size holds a signature that verifies."
src/crypto/sign.rs,if out.len() < ic_pkix::ecdsa_signature::max_der_len(132) {,20,true,tested,"src/crypto/sign.rs::sign_into_refuses_a_foreign_scheme_and_short_storage; P-521 storage one byte under the largest DER signature is capacity_exceeded, and exactly that size holds a signature that verifies."
src/crypto/sign.rs,"if !m::sign(sk, message, b"""", rnd.get(), sig_arr) {",24,true,defensive,"As on the owned path: ic_mldsa sign returns false only for a context over 255 bytes (ours is empty) or at its retry cap (a bug or malformed key per its docs); the expanded key in KeyImpl::MlDsa always comes from keygen, which passed its pairwise-consistency test."
src/crypto/sign.rs,if let Some(p) = MlDsa::from_oid(oid) {,16,false,tested,src/crypto/sign.rs::pkcs8_keys_without_a_signer_here_are_refused; an Ed448 PKCS#8 key reaches the fallback with a non-ML-DSA OID and is refused as an unsupported private key algorithm (invalid_config).
src/crypto/sign.rs,if key.len() == 34 && key[0] == 0x80 && key[1] == 0x20 {,53,false,tested,"src/crypto/sign.rs::pkcs8_keys_without_a_signer_here_are_refused; a 34-byte ML-DSA key starting 0x80 0x21 (seed tag, wrong length) is refused as an unrecognised ML-DSA form for all three parameter sets."
src/crypto/sign.rs,if oid == ic_pkix::oid::EC_PUBLIC_KEY && alg.oid().map_err(bad)? == OID_P521 {,12,both,tested,"src/crypto/sign.rs::pkcs8_keys_without_a_signer_here_are_refused drives false (Ed448) and true (secp256k1), both invalid_config as an unsupported private key algorithm; src/crypto/sign.rs::a_p521_scalar_without_its_leading_zero_is_the_same_key drives true for P-521."
src/crypto/sign.rs,if oid == ic_pkix::oid::EC_PUBLIC_KEY && alg.oid().map_err(bad)? == OID_P521 {,50,both,tested,"src/crypto/sign.rs::pkcs8_keys_without_a_signer_here_are_refused drives false (secp256k1 curve, refused as unsupported); src/crypto/sign.rs::a_p521_scalar_without_its_leading_zero_is_the_same_key drives true: a 65-byte P-521 scalar that ic_pkix refuses for its length loads as the same key as its 66-byte form."
src/crypto/sign.rs,if let Ok(key) = r {,20,false,tested,"src/crypto/sign.rs::a_stuck_random_source_cannot_generate_an_ec_key; with a source stuck on zero every candidate is the invalid scalar 0, and generate ends in error:entropy for P-256, P-384 and P-521 instead of returning a key."
src/error.rs,if let Some(a) = self.peer_alert {,16,true,tested,"src/error.rs::a_peer_alert_is_named_in_the_error_text; an error recording a peer alert prints its id and the alert (alert:handshake-failure), while other errors print only id and context."
src/msgs.rs,if suites_raw.is_empty() || suites_raw.len() % 2 != 0 {,37,true,tested,src/msgs.rs::an_odd_length_cipher_suite_list_is_a_decode_error; 1- and 3-byte cipher_suites vectors are decode errors naming cipher_suites.
src/msgs.rs,if r.is_empty() {,12,true,tested,"src/msgs.rs::hellos_without_extensions_select_nothing; applies to ClientHello::decode and ServerHello::decode (lines 483, 807): a ClientHello with no extension block decodes with its suite and no versions, groups or signature algorithms, and a ServerHello with none decodes with no selected version or key share."
src/msgs.rs,if er.u8()? == 1 {,24,false,tested,"src/msgs.rs::a_status_request_of_another_type_asks_for_no_staple; status types 2 and 0xff decode without requesting a staple, while type 1 requests one."
src/msgs.rs,if identities.is_empty() || identities.len() != binders.len() {,12,true,tested,src/msgs.rs::a_psk_offer_without_identities_is_refused; a pre_shared_key offer with empty identities and binders is illegal_parameter.
src/msgs.rs,ExtensionType::Cookie if retry => {,42,false,unreachable,"parse_extensions refuses with illegal_parameter any extension that extension_allowed forbids in the context chosen from the same retry flag; cookie is allowed only in ClientHello and HelloRetryRequest, so a Cookie reaching this loop of ServerHello::decode means retry is true."
src/msgs.rs,ExtensionType::PreSharedKey if !retry => {,48,false,unreachable,"parse_extensions refuses any extension that extension_allowed forbids in the context chosen from the same retry flag; pre_shared_key is not allowed in HelloRetryRequest, so a PreSharedKey reaching this loop means retry is false."
src/msgs.rs,ExtensionType::EncryptedClientHello if retry => {,56,false,unreachable,"parse_extensions refuses any extension that extension_allowed forbids in the context chosen from the same retry flag; encrypted_client_hello is not allowed in a ServerHello, so an ECH extension reaching this loop means retry is true."
src/policy.rs,if let Some(id) = sign::ic_id(*s) {,16,false,tested,The line became `match sign::ic_id(*s)`: a scheme with no IronCrypto id is now refused under enforcement and reported otherwise. tests/coverage_core.rs::indicators_are_reported_unenforced_and_refused_enforced drives the None arm both ways.
src/policy.rs,if !enforce && ic_fips::mode().is_none() {,20,false,tested,"tests/coverage_core.rs::indicators_are_reported_unenforced_and_refused_enforced; after enable_fips an unenforced session still gathers indicators, marking X25519 and Ed25519 not-approved."
src/policy.rs,"Err(_) if !enforce => out.entries.push((id, ""not-approved"")),",23,both,tested,tests/coverage_core.rs::indicators_are_reported_unenforced_and_refused_enforced; with the module operational a non-approved algorithm is recorded as not-approved when unenforced (guard true) and is policy_violation when enforced (guard false).
src/record.rs,if self.exhausted() || self.seq == u64::MAX {,32,true,defensive,"Applies to next_nonce and open (lines 119, 230). exhausted() is evaluated first and is true for every seq at or above the confidentiality limit (2^24 for AES-GCM, 2^62 for ChaCha20-Poly1305, both below u64::MAX), so seq == u64::MAX is only evaluated when it is false; record_boundaries_are_checked_directly shows u64::MAX is refused. Kept so an AEAD without a limit could never wrap the nonce."
src/record.rs,if len > MAX_PLAINTEXT {,12,true,tested,"src/record.rs::authentic_content_over_2_14_is_record_overflow; an authenticated inner plaintext with 2^14 + 1 or 2^14 + 200 content bytes is record_overflow, and exactly 2^14 opens."
src/record.rs,if len == 0 && ty != ContentType::ApplicationData {,8,true,tested,"src/record.rs::only_application_data_records_may_be_empty; zero-length change_cipher_spec, alert and handshake records are decode errors."
src/record.rs,if len == 0 && ty != ContentType::ApplicationData {,20,both,tested,src/record.rs::only_application_data_records_may_be_empty; drives both outcomes of the content-type test: zero-length handshake/alert/change_cipher_spec records are decode errors and a zero-length application_data record is framed with an empty body.
src/report.rs,if self.events.len() < 256 {,12,false,tested,src/report.rs::the_event_trail_keeps_the_first_256_events; 300 events leave exactly the first 256 in the trail.
src/report.rs,if !e.detail.is_empty() {,16,false,tested,"src/report.rs::an_event_without_detail_has_no_detail_member; an event with empty detail is written as its id alone, next to one with detail."
src/fixed.rs,if config.ech.is_some(),12,true,tested,tests/coverage_fixed.rs::server_ech_configuration_is_refused; a server configured with ECH keys is refused with InvalidConfig instead of running without ECH.
src/fixed.rs,if !(1..=8).contains(&limits.certificates),12,true,tested,"tests/coverage_fixed.rs::slot_limits_outside_their_ranges_are_invalid_config; 0 and 9 certificate slots are InvalidConfig for client and server, 1 and 8 are accepted."
src/fixed.rs,|| !(1..=64).contains(&limits.extensions),16,true,tested,"tests/coverage_fixed.rs::slot_limits_outside_their_ranges_are_invalid_config; 0 and 65 extension slots are InvalidConfig, 1 and 64 are accepted."
src/fixed.rs,|| !(1..=64).contains(&limits.events),16,true,tested,"tests/coverage_fixed.rs::slot_limits_outside_their_ranges_are_invalid_config; 0 and 65 audit event slots are InvalidConfig, 1 and 64 are accepted."
src/fixed.rs,|| limits.name > 253,16,true,tested,"tests/coverage_fixed.rs::slot_limits_outside_their_ranges_are_invalid_config; a 254-byte name slot is InvalidConfig, 253 is accepted."
src/fixed.rs,|| limits.alpn_protocols == 0,16,true,tested,"tests/coverage_fixed.rs::slot_limits_outside_their_ranges_are_invalid_config; zero ALPN slots is InvalidConfig, one is accepted."
src/fixed.rs,if common.alpn.len() > limits.alpn_protocols || common.schemes.len() > 32 {,57,true,tested,tests/coverage_fixed.rs::configuration_beyond_the_fixed_slots_is_refused; 33 configured signature schemes are CapacityExceeded (configuration slot capacity) while 32 fit.
src/fixed.rs,if common.groups.len() > 10,12,true,tested,"tests/coverage_fixed.rs::configuration_beyond_the_fixed_slots_is_refused; eleven configured groups are InvalidConfig. Validation admits only the ten implemented groups, so eleven always include a repeat that the next clause also refuses: removing this clause alone is an equivalent mutant (it survived), and the clause remains as the bound on the ten key slots."
src/fixed.rs,|| common,16,true,tested,"tests/coverage_fixed.rs::configuration_beyond_the_fixed_slots_is_refused; a group listed twice ([X25519, P-256, X25519]) is InvalidConfig, since it would need two key slots."
src/fixed.rs,if storage.private_key.len() < max_private,12,true,tested,tests/coverage_fixed.rs::undersized_initial_storage_is_refused; a 10-byte private-key buffer is CapacityExceeded (initial connection storage) for client and server.
src/fixed.rs,|| storage.public_key.len() < max_public,16,true,tested,tests/coverage_fixed.rs::undersized_initial_storage_is_refused; a 10-byte public-key buffer is CapacityExceeded (initial connection storage).
src/fixed.rs,|| storage.record.len() < 5,16,true,tested,"tests/coverage_fixed.rs::undersized_initial_storage_is_refused; a 4-byte record buffer, too small for a header, is CapacityExceeded."
src/fixed.rs,|| storage.handshake.len() < 4,16,true,tested,"tests/coverage_fixed.rs::undersized_initial_storage_is_refused; a 3-byte handshake buffer, too small for a message header, is CapacityExceeded."
src/fixed.rs,|| storage.scratch.len() < 4,16,true,tested,tests/coverage_fixed.rs::undersized_initial_storage_is_refused; a 3-byte scratch buffer is CapacityExceeded before any encoding.
src/fixed.rs,if ic_fips::mode() != Some(ic_fips::Mode::Approved) {,20,true,tested,"tests/coverage_fixed.rs::leaving_fips_approved_mode_latches_failure; after a FIPS-profile client is built, switching IronCrypto to unrestricted mode makes its next call fail with FipsModule (approved mode required), latched with the queued ClientHello erased."
src/fixed.rs,if let Some(id) = sign::ic_id(*scheme) {,28,false,defensive,"check() runs this loop only when common.fips, and Connection::client/server first call config.validate(), whose Common::validate -> policy::fips_gate refuses any configured scheme for which sign::ic_id returns None (InvalidConfig, unknown scheme); the configuration stays immutably borrowed for the connection's lifetime, so every scheme reaching this loop has an IronCrypto id."
src/fixed.rs,if let Err(error) = result {,20,true,tested,"tests/coverage_fixed.rs::leaving_fips_approved_mode_latches_failure; the gate's FipsModule error is passed to fail(), so it latches and the same error returns on the next call."
src/fixed.rs,if n > self.out_len {,12,true,tested,tests/coverage_fixed.rs::consuming_beyond_the_outgoing_queue_latches; consuming one byte more than queued is InvalidState (outgoing consumption exceeds queue) and latches with the queue erased.
src/fixed.rs,if self.peer_closed {,16,true,tested,"tests/coverage_fixed.rs::input_after_close_notify_is_refused; bytes following the peer's close_notify in the same call are refused with Closed and latch, while peer_closed() reports the authenticated close."
src/fixed.rs,|| self.report.state == State::Connected,20,true,tested,tests/coverage_fixed.rs::change_cipher_spec_outside_the_compatibility_window_is_unexpected; a change_cipher_spec record after the handshake is UnexpectedMessage (RFC 8446 section 5).
src/fixed.rs,|| (self.report.state == State::WaitClientHello && !self.retried),21,true,tested,tests/coverage_fixed.rs::change_cipher_spec_outside_the_compatibility_window_is_unexpected; a change_cipher_spec record before the first ClientHello is UnexpectedMessage.
src/fixed.rs,|| (self.report.state == State::WaitClientHello && !self.retried),68,both,tested,True: tests/coverage_fixed.rs::change_cipher_spec_outside_the_compatibility_window_is_unexpected (fresh server refuses it). False: tests/coverage_fixed.rs::change_cipher_spec_after_a_retry_is_accepted; after a HelloRetryRequest the server accepts the client's compatibility change_cipher_spec (RFC 8446 appendix D.4) and the handshake completes.
src/fixed.rs,|| self.report.state == State::Start,20,true,unreachable,"A client is in State::Start only inside Connection::client, between Self::new and transition(WaitServerHello); if anything in between fails the constructor returns Err and no Connection exists. Servers start in WaitClientHello and failures move to Failed, so receive() never observes Start."
src/fixed.rs,|| self.ccs_count == 2,20,true,tested,tests/coverage_fixed.rs::change_cipher_spec_outside_the_compatibility_window_is_unexpected; a client awaiting ServerHello accepts two change_cipher_spec records and refuses the third with UnexpectedMessage.
src/fixed.rs,if outer != ContentType::ApplicationData || header[2] != 3 {,57,true,tested,"tests/coverage_fixed.rs::protected_record_with_another_legacy_version_is_unexpected; once keys are installed a record with legacy version 0x0301 is UnexpectedMessage, refused before decryption (not BadRecordMac)."
src/fixed.rs,if let Some(limit) = self.common().record_size_limit {,20,true,tested,"src/fixed.rs::tests::a_record_over_the_negotiated_limit_is_overflow and tests/coverage_fixed.rs::record_size_limits_are_negotiated_and_honoured; the limit is enforced once negotiated. This review found the line enforced the configured limit even when the peer never received it; it now reads `if let Some(limit) = self.local_record_limit {` (set only when both sides sent record_size_limit), verified by tests/coverage_fixed.rs::record_size_limit_applies_only_when_both_sides_send_it."
src/fixed.rs,if body.len().saturating_sub(crypto::TAG_LEN) > usize::from(limit) {,20,both,tested,True: src/fixed.rs::tests::a_record_over_the_negotiated_limit_is_overflow (64 content bytes plus the type exceed a negotiated 64 and are RecordOverflow). False: the same test's 63-byte record and tests/coverage_fixed.rs::record_size_limits_are_negotiated_and_honoured (1000 bytes each way in records within both limits).
src/fixed.rs,if body.is_empty() || body.len() > record::MAX_PLAINTEXT {,35,true,tested,tests/coverage_fixed.rs::oversized_plaintext_record_is_overflow; a 2^14+1-byte plaintext record that the record buffer can hold is RecordOverflow (RFC 8446 section 5.1).
src/fixed.rs,if self.is_connected() && !self.peer_closed && self.hs_len == 0 =>,20,false,tested,"src/fixed.rs::tests::application_data_before_the_handshake_completes_is_unexpected; application data protected with the server's handshake key, sent before Finished, is UnexpectedMessage."
src/fixed.rs,if self.is_connected() && !self.peer_closed && self.hs_len == 0 =>,43,false,defensive,"receive_inner checks self.peer_closed at the top of every loop iteration (`if self.peer_closed` returns Closed) before buffering any byte of the next record, and only an alert record sets peer_closed, so an application-data record is never processed after close_notify; tests/coverage_fixed.rs::input_after_close_notify_is_refused shows that earlier check refusing the input."
src/fixed.rs,if self.is_connected() && !self.peer_closed && self.hs_len == 0 =>,64,false,tested,"src/fixed.rs::tests::application_data_inside_a_fragmented_handshake_message_is_unexpected; after a record carrying half a KeyUpdate header, an application-data record is UnexpectedMessage (RFC 8446 section 5.1 forbids interleaving)."
src/fixed.rs,ContentType::Alert if n == 2 => {,35,false,tested,tests/coverage_fixed.rs::alerts_are_parsed_strictly; a three-byte alert record is UnexpectedMessage.
src/fixed.rs,if body[1] == 0 {,20,false,tested,tests/coverage_fixed.rs::alerts_are_parsed_strictly; a fatal handshake_failure alert fails the connection with PeerAlert and is not taken as close_notify.
src/fixed.rs,|| need.saturating_sub(4) > self.common().max_handshake_message,20,true,tested,tests/coverage_fixed.rs::handshake_message_over_the_configured_maximum_is_capacity; with max_handshake_message 300 the server's Certificate is CapacityExceeded (handshake reassembly capacity) although the buffer could hold it.
src/fixed.rs,if reading_header && self.hs_len == 4 {,34,false,tested,tests/coverage_fixed.rs::handshake_header_split_across_records_is_reassembled; a ClientHello whose header arrives as 2+1 bytes in separate records is reassembled and the handshake completes. Making the condition `reading_header` alone is an equivalent mutant (it survived): a partial header also fails `self.hs_len != need` and continues.
src/fixed.rs,if !was_connected && self.is_connected() && !bytes.is_empty() {,57,true,tested,"src/fixed.rs::tests::handshake_bytes_after_finished_in_one_record_are_unexpected; a KeyUpdate in the same record as the server's Finished is UnexpectedMessage, while the same flight without it completes."
src/fixed.rs,if max == 0 {,12,true,defensive,"max = min(2^14, peer_record_limit - 1); peer_record_limit starts at 2^14 + 1 and changes only in record_limit(), which refuses values outside 64..=16385 with IllegalParameter (tested by tests/coverage_fixed.rs::malformed_client_hellos_are_refused), so max is at least 63."
src/fixed.rs,if !self.is_connected() || self.sent_close {,12,true,tested,tests/coverage_fixed.rs::application_operations_respect_the_connection_state; write_application and key_update before the handshake are InvalidState with their contexts and do not fail the connection (this key covers both lines).
src/fixed.rs,if !self.is_connected() || self.sent_close {,36,true,tested,tests/coverage_fixed.rs::application_operations_respect_the_connection_state; write_application and key_update after close() are InvalidState.
src/fixed.rs,if !self.is_connected() {,12,true,tested,"tests/coverage_fixed.rs::application_operations_respect_the_connection_state; export and close before the handshake are InvalidState (export before handshake, close before handshake); this key covers both lines."
src/fixed.rs,if self.sent_close {,12,true,tested,tests/coverage_fixed.rs::application_operations_respect_the_connection_state; a second close() returns Ok and queues no second close_notify.
src/fixed.rs,if cookie_len != 0 {,24,true,tested,"tests/coverage_fixed.rs::retry_cookie_is_echoed_in_the_second_hello; the HelloRetryRequest cookie is echoed unchanged in ClientHello2 (RFC 8446 section 4.2.2), which carries one P-256 share."
src/fixed.rs,if config.send_sni {,24,false,tested,tests/coverage_fixed.rs::server_name_is_omitted_when_disabled_or_for_an_address; with send_sni off the ClientHello has no server_name and the handshake completes.
src/fixed.rs,if let ServerName::Dns(name) = name {,32,false,tested,tests/coverage_fixed.rs::server_name_is_omitted_when_disabled_or_for_an_address; a client for 127.0.0.1 sends no server_name (RFC 6066 section 3 forbids IP literals).
src/fixed.rs,if !common.alpn.is_empty() {,24,true,tested,tests/coverage_fixed.rs::alpn_is_negotiated_from_the_offer; a client with ALPN configured offers it and both sides report the negotiated protocol.
src/fixed.rs,if let Some(limit) = common.record_size_limit {,28,true,tested,"tests/coverage_fixed.rs::record_size_limits_are_negotiated_and_honoured; the ClientHello carries record_size_limit 64 and the server answers its own (this key also matched the server's EncryptedExtensions line, which now writes the limit only when the client offered one)."
src/fixed.rs,if config.revocation != crate::config::Revocation::Off,24,false,tested,"tests/coverage_fixed.rs::revocation_off_requests_no_status; with revocation off the ClientHello has no status_request, the stapling server sends none and RevocationChecked is not claimed."
src/fixed.rs,if body.len() != 1 || body[0] > 1 {,20,true,tested,src/fixed.rs::tests::malformed_key_update_is_illegal_parameter; a two-byte KeyUpdate body is IllegalParameter (RFC 8446 section 4.6.3).
src/fixed.rs,if body.len() != 1 || body[0] > 1 {,39,true,tested,src/fixed.rs::tests::malformed_key_update_is_illegal_parameter; request_update value 2 is IllegalParameter.
src/fixed.rs,if lifetime > 604800 || r.vec16()?.is_empty() {,20,both,tested,"src/fixed.rs::tests::unsolicited_session_tickets_are_validated_then_discarded; a lifetime of 604801 s is IllegalParameter, 604800 s is accepted and discarded (RFC 8446 section 4.6.1)."
src/fixed.rs,if lifetime > 604800 || r.vec16()?.is_empty() {,41,both,tested,"src/fixed.rs::tests::unsolicited_session_tickets_are_validated_then_discarded; an empty ticket is IllegalParameter, a non-empty one is discarded and the connection keeps working."
src/fixed.rs,if suites.is_empty() || suites.len() % 2 != 0 {,12,true,tested,tests/coverage_fixed.rs::malformed_client_hellos_are_refused; an empty cipher_suites list is IllegalParameter.
src/fixed.rs,if suites.is_empty() || suites.len() % 2 != 0 {,33,true,tested,tests/coverage_fixed.rs::malformed_client_hellos_are_refused; a three-byte cipher_suites list is IllegalParameter.
src/fixed.rs,if count == self.limits.extensions {,16,true,tested,tests/coverage_fixed.rs::malformed_client_hellos_are_refused; five key shares against four slots are CapacityExceeded (key share slots).
src/fixed.rs,if seen[..count].contains(&Some(group)),16,true,tested,tests/coverage_fixed.rs::malformed_client_hellos_are_refused; two P-256 shares are IllegalParameter (RFC 8446 section 4.2.8).
src/fixed.rs,|| share.is_empty(),20,true,tested,"tests/coverage_fixed.rs::malformed_client_hellos_are_refused; an empty P-256 share is IllegalParameter, refused before key exchange."
src/fixed.rs,let suite = if config.prefer_server_order {,24,false,tested,"tests/coverage_fixed.rs::client_suite_order_is_used_when_the_server_does_not_prefer_its_own; with prefer_server_order off the server takes the client's first suite (AES-256), with it on its own (AES-128)."
src/fixed.rs,&& (self.suite != Some(suite),17,true,tested,"tests/coverage_fixed.rs::second_client_hellos_that_change_the_first_are_refused; a ClientHello2 offering only AES-256 after a retry chose AES-128 is IllegalParameter. Removing this clause is an equivalent mutant (it survived): the suite list is in the fingerprinted body, so a different selection always changes the fingerprint too."
src/fixed.rs,|| !self,20,true,tested,tests/coverage_fixed.rs::second_client_hellos_that_change_the_first_are_refused; a ClientHello2 with a different random is IllegalParameter (changed immutable fields).
src/fixed.rs,if self.retried {,16,true,tested,"tests/coverage_fixed.rs::second_client_hellos_that_change_the_first_are_refused; a ClientHello2 still sharing only X25519 is IllegalParameter (omitted requested share), not answered with a second retry."
src/fixed.rs,if self.retried && (group != self.group || count != 1) {,29,true,tested,tests/coverage_fixed.rs::second_client_hellos_that_change_the_first_are_refused; a ClientHello2 sharing P-384 when P-256 was requested is IllegalParameter.
src/fixed.rs,if self.retried && (group != self.group || count != 1) {,52,true,tested,tests/coverage_fixed.rs::second_client_hellos_that_change_the_first_are_refused; a ClientHello2 sharing P-256 and X25519 is IllegalParameter (RFC 8446 section 4.1.2: one share for the requested group).
src/fixed.rs,if ext.get(44)?.is_some() {,12,true,tested,tests/coverage_fixed.rs::malformed_client_hellos_are_refused; a cookie in a first ClientHello the server never asked for is IllegalParameter.
src/fixed.rs,let name = if let Some(bytes) = ext.get(0)? {,27,false,tested,tests/coverage_fixed.rs::server_name_is_omitted_when_disabled_or_for_an_address; a ClientHello without server_name selects the server's default identity and completes.
src/fixed.rs,if bytes.len() > self.limits.name {,16,true,tested,tests/coverage_fixed.rs::server_slot_limits_fail_closed_on_client_input; an 11-byte SNI against a 10-byte name slot is CapacityExceeded (SNI name capacity).
src/fixed.rs,if let Some(status) = ext.get(5)? {,16,false,tested,tests/coverage_fixed.rs::revocation_off_requests_no_status; without status_request the server holding an OCSP response does not staple it and the client completes.
src/fixed.rs,if name.is_some() {,24,false,tested,tests/coverage_fixed.rs::server_name_is_omitted_when_disabled_or_for_an_address; without SNI the server sends no server_name acknowledgement (the client would refuse one).
src/fixed.rs,if let Some(alpn) = alpn {,28,true,tested,tests/coverage_fixed.rs::alpn_is_negotiated_from_the_offer; the server returns the selected protocol (http/1.1) in EncryptedExtensions and both reports carry it.
src/fixed.rs,if !self.common().suites.contains(&suite) || r.u8()? != 0 {,12,true,tested,tests/coverage_fixed.rs::malformed_server_hellos_are_refused; a ServerHello choosing AES-256 for an AES-128-only client is IllegalParameter.
src/fixed.rs,if !self.common().suites.contains(&suite) || r.u8()? != 0 {,54,true,tested,tests/coverage_fixed.rs::malformed_server_hellos_are_refused; a ServerHello with compression method 1 is IllegalParameter.
src/fixed.rs,if self.retried && self.suite != Some(suite) {,28,true,tested,tests/coverage_fixed.rs::malformed_server_hellos_are_refused; a ServerHello whose suite differs from the HelloRetryRequest's is IllegalParameter (RFC 8446 section 4.1.4).
src/fixed.rs,if self.key_slots.iter().flatten().any(|s| s.group == group),16,true,tested,"tests/coverage_fixed.rs::malformed_server_hellos_are_refused; a HelloRetryRequest for X25519, already shared, is IllegalParameter."
src/fixed.rs,|| !self.common().groups.contains(&group),20,true,tested,"tests/coverage_fixed.rs::malformed_server_hellos_are_refused; a HelloRetryRequest for secp521r1, not offered, is IllegalParameter."
src/fixed.rs,if ty != 43 && ty != 51 && ty != 44 {,32,true,tested,tests/coverage_fixed.rs::malformed_server_hellos_are_refused; a HelloRetryRequest carrying key_share and an unknown extension is UnsupportedExtension (retry extension).
src/fixed.rs,if ty != 43 && ty != 51 && ty != 44 {,44,both,tested,True: tests/coverage_fixed.rs::malformed_server_hellos_are_refused (unknown extension 0xfafa is UnsupportedExtension). False: the key_share extension in the same retries and the cookie in tests/coverage_fixed.rs::retry_cookie_is_echoed_in_the_second_hello.
src/fixed.rs,if let Some(cookie) = ext.get(44)? {,20,true,tested,tests/coverage_fixed.rs::retry_cookie_is_echoed_in_the_second_hello; a HelloRetryRequest cookie is stored and echoed.
src/fixed.rs,if cookie.is_empty() {,20,both,tested,True: tests/coverage_fixed.rs::malformed_server_hellos_are_refused (an empty cookie is IllegalParameter). False: tests/coverage_fixed.rs::retry_cookie_is_echoed_in_the_second_hello (a 21-byte cookie is accepted and echoed).
src/fixed.rs,if ty != 43 && ty != 51 {,28,true,tested,"tests/coverage_fixed.rs::malformed_server_hellos_are_refused; a ServerHello with an unknown extension is UnsupportedExtension (RFC 8446 section 4.2), refused before key exchange."
src/fixed.rs,let Some(offered) = offered else {,13,true,tested,tests/coverage_fixed.rs::alpn_is_negotiated_from_the_offer; a client offering ALPN reaches the offered-list path (previously no fixed server had ever received an ALPN offer).
src/fixed.rs,if self.common().require_alpn {,16,true,tested,tests/coverage_fixed.rs::required_alpn_fails_closed; a server requiring ALPN refuses a client offering none with NoApplicationProtocol (ALPN required).
src/fixed.rs,while !p.is_empty() {,15,both,tested,Entered: tests/coverage_fixed.rs::alpn_is_negotiated_from_the_offer (two offered names counted). Not entered: tests/coverage_fixed.rs::malformed_client_hellos_are_refused (an empty protocol list).
src/fixed.rs,if p.vec8()?.is_empty() {,16,both,tested,True: tests/coverage_fixed.rs::malformed_client_hellos_are_refused (a zero-length protocol name is IllegalParameter). False: tests/coverage_fixed.rs::alpn_is_negotiated_from_the_offer.
src/fixed.rs,if count > self.limits.alpn_protocols {,16,both,tested,"True: tests/coverage_fixed.rs::server_slot_limits_fail_closed_on_client_input (two offered protocols, one slot: CapacityExceeded, ALPN protocol slots). False: tests/coverage_fixed.rs::alpn_is_negotiated_from_the_offer."
src/fixed.rs,if count == 0 {,12,both,tested,True: tests/coverage_fixed.rs::malformed_client_hellos_are_refused (an empty protocol_name_list is IllegalParameter). False: tests/coverage_fixed.rs::alpn_is_negotiated_from_the_offer.
src/fixed.rs,while !p.is_empty() {,19,both,tested,"tests/coverage_fixed.rs::alpn_is_negotiated_from_the_offer; the offer is scanned for each server protocol, exhausted for spdy/3 and matched for http/1.1."
src/fixed.rs,if p.vec8()? == protocol {,20,both,tested,"tests/coverage_fixed.rs::alpn_is_negotiated_from_the_offer; h2 does not match http/1.1, http/1.1 does, so the server's preference wins."
src/fixed.rs,if self.common().require_alpn {,12,both,tested,"True: tests/coverage_fixed.rs::required_alpn_fails_closed (no protocol in common with a server requiring ALPN is NoApplicationProtocol). False: tests/coverage_fixed.rs::alpn_is_negotiated_from_the_offer (no common protocol, not required: completes without ALPN)."
src/fixed.rs,if let Some(bytes) = extension {,16,true,tested,tests/coverage_fixed.rs::record_size_limits_are_negotiated_and_honoured and tests/coverage_fixed.rs::malformed_client_hellos_are_refused; an offered record_size_limit is parsed and range-checked.
src/fixed.rs,if !(64..=16385).contains(&limit) {,16,both,tested,True: tests/coverage_fixed.rs::malformed_client_hellos_are_refused (63 and 16386 are IllegalParameter). False: the same test's answered hello with 64 and tests/coverage_fixed.rs::record_size_limits_are_negotiated_and_honoured.
src/fixed.rs,"matches!(self.config, Config::Client(c, ServerName::Dns(_)) if c.send_sni);",88,false,tested,src/fixed.rs::tests::unrequested_or_malformed_encrypted_extensions_are_refused; a client with send_sni off is sent a server_name acknowledgement.
src/fixed.rs,if !offered || !bytes.is_empty() {,24,true,tested,src/fixed.rs::tests::unrequested_or_malformed_encrypted_extensions_are_refused; an acknowledgement of a server_name never sent is IllegalParameter (SNI acknowledgement).
src/fixed.rs,if !offered || !bytes.is_empty() {,36,true,tested,"src/fixed.rs::tests::unrequested_or_malformed_encrypted_extensions_are_refused; a non-empty server_name acknowledgement is IllegalParameter (RFC 6066 section 3), an empty one is accepted."
src/fixed.rs,28 if self.common().record_size_limit.is_some() => {,23,both,tested,True: tests/coverage_fixed.rs::record_size_limits_are_negotiated_and_honoured (the limit is answered and adopted). False: src/fixed.rs::tests::unrequested_or_malformed_encrypted_extensions_are_refused (record_size_limit to a client that never offered it is UnsupportedExtension).
src/fixed.rs,if self.common().require_alpn && self.report.alpn.is_none() {,12,true,tested,tests/coverage_fixed.rs::required_alpn_fails_closed; a client requiring ALPN reaches this check.
src/fixed.rs,if self.common().require_alpn && self.report.alpn.is_none() {,42,both,tested,"tests/coverage_fixed.rs::required_alpn_fails_closed; the requiring client refuses a server that selects none (NoApplicationProtocol, server omitted ALPN) and accepts one that selects h2."
src/fixed.rs,if !r.vec8()?.is_empty() {,12,true,tested,src/fixed.rs::tests::malformed_certificate_requests_are_refused and src/fixed.rs::tests::malformed_server_certificates_are_refused; a non-empty request context in a handshake CertificateRequest or Certificate is IllegalParameter (this key covers both lines).
src/fixed.rs,if schemes.len() / 2 > self.request_schemes.len() {,12,true,tested,"src/fixed.rs::tests::malformed_certificate_requests_are_refused; 33 signature_algorithms in a CertificateRequest are CapacityExceeded, 32 fit."
src/fixed.rs,if identity.is_some_and(|id| id.chain.len() > self.limits.certificates) {,12,true,tested,tests/coverage_fixed.rs::local_chain_beyond_the_certificate_slots_is_capacity; a two-certificate server chain with one certificate slot is CapacityExceeded (local certificate slots).
src/fixed.rs,if let Some(id) = identity {,24,false,tested,tests/coverage_fixed.rs::client_without_identity_under_optional_and_required_auth; a client without an identity answers a CertificateRequest with an empty Certificate.
src/fixed.rs,if len > 65535 {,16,true,unreachable,len is the signature length written by SigningKey::sign_into. The largest signature any supported key produces is ML-DSA-87's 4627 bytes; RSA is capped by IronCrypto's ic_rsa::MAX_MODULUS_BITS = 4096 (512-byte signatures). No signature reaches 65536 bytes.
src/fixed.rs,if der.is_empty() {,16,true,tested,src/fixed.rs::tests::malformed_server_certificates_are_refused; an empty certificate entry is IllegalParameter.
src/fixed.rs,if Certificate::parse(der)?.extension_count() > self.limits.extensions {,16,true,tested,tests/coverage_fixed.rs::peer_certificate_extensions_beyond_the_slots_is_capacity; with two extension slots the server's certificate is CapacityExceeded (certificate extension slots).
src/fixed.rs,let requested = self.is_client(),33,false,tested,src/fixed.rs::tests::client_certificate_entry_extensions_are_refused; a server receives a client certificate entry with status_request and refuses it as UnsupportedExtension.
src/fixed.rs,"&& matches!(self.config, Config::Client(c, _) if c.revocation != crate::config::Revocation::Off && matches!(c.verification, PeerVerification::Roots(_)));",70,false,tested,"src/fixed.rs::tests::malformed_server_certificates_are_refused; a client with revocation off, which sent no status_request, refuses a stapled status as UnsupportedExtension."
src/fixed.rs,if ty != 5 || !requested || self.chain_len != 0 {,24,true,tested,"src/fixed.rs::tests::malformed_server_certificates_are_refused; a signed_certificate_timestamp entry extension, never requested, is UnsupportedExtension."
src/fixed.rs,if ty != 5 || !requested || self.chain_len != 0 {,35,true,tested,src/fixed.rs::tests::malformed_server_certificates_are_refused (client with revocation off) and src/fixed.rs::tests::client_certificate_entry_extensions_are_refused (server); an unrequested status is UnsupportedExtension.
src/fixed.rs,if ty != 5 || !requested || self.chain_len != 0 {,49,true,tested,src/fixed.rs::tests::malformed_server_certificates_are_refused; a status on the second (CA) entry is UnsupportedExtension (RFC 8446 section 4.4.2.1: end entity only).
src/fixed.rs,if sr.u8()? != 1 {,24,true,tested,src/fixed.rs::tests::malformed_server_certificates_are_refused; a CertificateStatus of type 2 is IllegalParameter (certificate status type).
src/fixed.rs,if self.chain_len == 0 {,12,true,tested,tests/coverage_fixed.rs::client_without_identity_under_optional_and_required_auth; the server receives an empty client Certificate.
src/fixed.rs,if !optional {,16,both,tested,tests/coverage_fixed.rs::client_without_identity_under_optional_and_required_auth; under Optional the empty chain completes without MutualAuthentication; under Required it is CertificateRequired (empty peer certificate chain).
src/fixed.rs,if !matches {,20,both,tested,"tests/coverage_fixed.rs::pinned_peers_are_verified_by_key; a matching SPKI pin connects with PinnedPeer, another key's pin is UnknownCa."
src/fixed.rs,if *check_names {,20,both,tested,"tests/coverage_fixed.rs::pinned_peers_are_verified_by_key; with check_names false a certificate for server.test is accepted for other.test, with it true it is CertificateNameMismatch."
src/fixed.rs,if let Some(name) = name {,28,both,tested,"tests/coverage_fixed.rs::pinned_peers_are_verified_by_key; a pinning client checks its server name (mismatch is CertificateNameMismatch), while a server pinning its client has no name to check and completes with PinnedPeer and MutualAuthentication."
src/fixed.rs,if verified.status == x509::ocsp::CertStatus::Good {,28,false,tested,tests/coverage_fixed.rs::staple_status_other_than_good_is_not_revocation_checked; a valid staple with status unknown does not set RevocationChecked.
src/fixed.rs,} else if c.revocation == crate::config::Revocation::RequireStaple {,35,both,tested,tests/coverage_fixed.rs::staple_status_other_than_good_is_not_revocation_checked; an unknown-status staple is tolerated under IfStapled (no RevocationChecked) and refused under RequireStaple with BadCertificateStatus (OCSP status unknown).
src/fixed.rs,} else if c.revocation == crate::config::Revocation::RequireStaple {,31,true,tested,tests/coverage_fixed.rs::staple_status_other_than_good_is_not_revocation_checked; RequireStaple refuses a server that sends no staple with BadCertificateStatus (required OCSP staple absent).
src/fixed.rs,report.depth != 0,21,false,tested,"tests/coverage_fixed.rs::a_directly_trusted_leaf_claims_no_post_quantum_path; an ML-DSA-87 leaf that is itself the anchor verifies with no path signatures, so PostQuantumAuthentication is not claimed, while the same key under its CA claims it (matching the owned engine's non-empty-schemes rule)."
src/fixed.rs,if !scheme.allowed_in_handshake() || !self.common().schemes.contains(&scheme) {,12,true,tested,"src/fixed.rs::tests::certificate_verify_with_an_unoffered_scheme_is_refused; a CertificateVerify using rsa_pkcs1_sha256 (configured for certificates, forbidden in handshakes) is IllegalParameter before any signature check."
src/fixed.rs,if !scheme.allowed_in_handshake() || !self.common().schemes.contains(&scheme) {,46,true,tested,src/fixed.rs::tests::certificate_verify_with_an_unoffered_scheme_is_refused; a CertificateVerify using Ed25519 for a client that did not offer it is IllegalParameter.
src/fixed.rs,if !self.peer_authenticated {,16,true,defensive,"A client enters WaitFinished only from on_certificate_verify, which sets peer_authenticated after sign::verify succeeds; the other route to WaitFinished (an empty Certificate in on_certificate) is taken only when the config is Config::Server with ClientAuth::Optional. So on_finished never runs in a client with peer_authenticated false."
src/fixed.rs,if let Some(identity) = &config.identity {,24,false,tested,tests/coverage_fixed.rs::client_without_identity_under_optional_and_required_auth; a client without an identity sends no CertificateVerify (local_signature_scheme stays None).
src/fixed.rs,&& s.allowed_in_handshake(),36,false,unreachable,"Evaluated only after identity.key.schemes().contains(s). SigningKey::schemes() returns only ECDSA, Ed25519, RSA-PSS and ML-DSA schemes, all of which SignatureScheme::allowed_in_handshake() accepts (it rejects only RSA PKCS#1 v1.5, SHA-1 ECDSA and unknown schemes), so this operand is always true."
src/fixed.rs,&& (!self.request_client,17,true,tested,tests/coverage_fixed.rs::mutual_profile_refuses_a_server_that_does_not_request_a_certificate; a client whose profile requires mutual authentication refuses a server that never sent CertificateRequest with PolicyViolation.
src/fixed.rs,|| !self.peer_authenticated,20,true,defensive,"requires_mutual_auth() is true only for DalA. A server: ServerConfig::validate refuses DalA unless client_auth is ClientAuth::Required, and under Required on_certificate fails an empty chain with CertificateRequired, while a non-empty one reaches WaitFinished only through on_certificate_verify (which sets peer_authenticated). A client: on_finished already refuses with CertificateRequired when the server did not authenticate."
src/fixed.rs,"&& !matches!(self.config, Config::Client(c, _) if c.identity.is_some())))",24,true,defensive,"ClientConfig::validate, called by Connection::client, refuses a mutual-authentication profile without an identity (InvalidConfig, profile requires a client identity), and the configuration is immutably borrowed, so a client reaching this clause always has an identity and the negation is false."
src/fixed.rs,"&& !matches!(self.config, Config::Client(c, _) if c.identity.is_some())))",71,false,defensive,"Same cause as the column-24 row: ClientConfig::validate guarantees c.identity is Some for a mutual-authentication profile, so this guard is never false here."
src/fixed.rs,&& self.peer_authenticated,16,false,tested,tests/coverage_fixed.rs::client_without_identity_under_optional_and_required_auth; a server requesting optional client authentication that receives no certificate does not claim MutualAuthentication.
src/fixed.rs,"|| matches!(self.config, Config::Client(c, _) if c.identity.is_some()))",66,false,tested,tests/coverage_fixed.rs::client_without_identity_under_optional_and_required_auth; a client asked for a certificate without an identity does not claim MutualAuthentication.
src/fixed.rs,if self.peer_pinned {,12,true,tested,"tests/coverage_fixed.rs::pinned_peers_are_verified_by_key; a pinned peer is reported with PinnedPeer, on the client and on a server pinning its client."
src/fixed.rs,if n >= (1usize << (8 * size)) {,12,true,tested,"tests/coverage_fixed.rs::an_extension_longer_than_its_length_prefix_is_capacity; 300 ALPN names of 255 bytes exceed the two-byte list length and are CapacityExceeded (wire length prefix), not truncated."
src/fixed.rs,if count > limit {,16,true,tested,tests/coverage_fixed.rs::server_slot_limits_fail_closed_on_client_input; a real ClientHello against three extension slots is CapacityExceeded (extension slots).
src/fixed.rs,"if !extension_allowed(ExtensionType::from_wire(ty), context) {",16,true,tested,"tests/coverage_fixed.rs::malformed_client_hellos_are_refused; oid_filters, valid only in CertificateRequest, in a ClientHello is IllegalParameter (RFC 8446 section 4.2)."
src/fixed.rs,if old == ty {,20,true,tested,tests/coverage_fixed.rs::malformed_client_hellos_are_refused; a repeated extension is IllegalParameter (RFC 8446 section 4.2).
src/fixed.rs,if list.is_empty() || list.len() % 2 != 0 {,8,true,tested,tests/coverage_fixed.rs::malformed_client_hellos_are_refused; an empty supported_groups list is IllegalParameter.
src/fixed.rs,if list.is_empty() || list.len() % 2 != 0 {,27,true,tested,tests/coverage_fixed.rs::malformed_client_hellos_are_refused; a three-byte supported_groups list is IllegalParameter.
src/x509.rs,if !c.is_empty() {,16,true,tested,"src/x509.rs::rsa_signature_null_parameters_must_be_empty; an RSA PKCS#1 AlgorithmIdentifier whose NULL parameter has content is refused as BadCertificate ""NULL with content"", while an absent or empty NULL is accepted."
src/x509.rs,let era = if y >= 0 { y } else { y - 399 } / 400;,18,false,tested,"src/x509.rs::year_zero_times_convert_by_the_proleptic_calendar; a GeneralizedTime in January or February of year 0000 makes the March-based year -1, which converts to the proleptic Gregorian day count (0000-01-01 = -719528, cross-checked with Python datetime) and clamps to 0 without a panic."
src/x509.rs,let era = if z >= 0 { z } else { z - 146_096 } / 146_097;,18,false,unreachable,"Both callers (encode_time here and generalized_time in x509_ocsp.rs) pass (t / 86_400) as i64 for a u64 t, which is at most 213_503_982_334_601 and never negative, so z = days + 719_468 is always positive; only the generic negative-day half of Hinnant's algorithm is dead."
src/x509.rs,if y > 9999 {,8,true,tested,"src/x509.rs::issued_validity_ends_at_year_9999; 9999-12-31T23:59:59Z is issued and round-trips, and one second later or u64::MAX is refused as InvalidConfig ""certificate time beyond year 9999""."
src/x509.rs,if parts.next().is_some() {,8,true,tested,"src/x509.rs::ip_address_text_requires_exact_groups_and_digits; a dotted quad with a fifth part (""192.0.2.1.5"") is not an address."
src/x509.rs,if p.is_empty() || p.len() > 4 {,20,true,tested,"src/x509.rs::ip_address_text_requires_exact_groups_and_digits; IPv6 text with an empty group (""1:2:3:4:5:6:7:"", "":1:2:3:4:5:6:7"", ""1::2:"") is not an address. from_str_radix also rejects an empty group, so this conjunct alone is not observable by mutation."
src/x509.rs,if p.is_empty() || p.len() > 4 {,36,true,tested,"src/x509.rs::ip_address_text_requires_exact_groups_and_digits; a group of five hex digits is refused, including ""1:2:3:4:5:6:7:00008"" whose value from_str_radix would accept."
src/x509.rs,if g.len() != 8 {,16,false,tested,"src/x509.rs::ip_address_text_requires_exact_groups_and_digits; the full eight-group form ""2001:db8:0:0:0:0:0:1"" parses and equals ""2001:db8::1""."
src/x509.rs,if h.len() + tl.len() > 7 {,16,true,tested,"src/x509.rs::ip_address_text_requires_exact_groups_and_digits; ""::"" must stand for at least one zero group, so ""1:2:3:4::5:6:7:8"" (eight explicit groups) is refused."
src/x509.rs,"if oid == OID_CN && matches!(tag, T_UTF8 | T_PRINTABLE | T_IA5 | T_T61) {",16,false,tested,"src/x509.rs::common_name_passes_over_other_attributes; an organizationName attribute before or after the CN is passed over, and a Name with no CN has no common name."
src/x509.rs,if n > 2 {,20,true,tested,"src/x509.rs::unknown_versions_and_pre_v3_extensions_are_refused; versions 3, 4 and 127 (beyond v3) are refused as BadCertificate ""unknown certificate version""."
src/x509.rs,if version != 2 {,16,true,tested,"src/x509.rs::unknown_versions_and_pre_v3_extensions_are_refused; extensions under an implicit v1, explicit v1 or v2 are refused as ""extensions in a certificate that is not v3""."
src/x509.rs,if tag == T_GN_DNS {,16,false,tested,"src/x509.rs::alternative_name_accessors_separate_the_families; dns_names skips iPAddress entries, including 65.66.67.68 whose octets are valid UTF-8 text."
src/x509.rs,if let Ok(s) = core::str::from_utf8(v) {,24,false,defensive,"parse_extensions refuses a dNSName SAN that is empty or not ASCII (""dNSName is not ASCII"") before any Certificate exists, and ASCII is always valid UTF-8; the Err arm only keeps dns_names from trusting that check."
src/x509.rs,if tag == T_GN_IP {,16,both,tested,"src/x509.rs::alternative_name_accessors_separate_the_families; ip_addresses (never called before) returns the IPv4 and IPv6 entries and skips the dNSName entries, one of them sixteen octets long."
src/x509.rs,if let Ok(a) = <[u8; 4]>::try_from(v) {,24,both,tested,src/x509.rs::alternative_name_accessors_separate_the_families; a four-octet iPAddress becomes IpAddr::V4 and a sixteen-octet one fails this conversion and becomes V6.
src/x509.rs,} else if let Ok(a) = <[u8; 16]>::try_from(v) {,31,both,defensive,"src/x509.rs::alternative_name_accessors_separate_the_families covers the true outcome (IPv6). The false outcome is defensive: parse_extensions refuses an iPAddress SAN that is not 4 or 16 octets (""iPAddress length"", see ip_address_alternative_names_require_address_lengths), so no third length reaches here."
src/x509.rs,if oid == usage.oid() || oid == OID_ANY_EKU {,38,true,tested,src/x509.rs::any_extended_key_usage_permits_either_role; a leaf whose EKU lists only anyExtendedKeyUsage is accepted for ServerAuth and ClientAuth by both validators (RFC 5280 4.2.1.12).
src/x509.rs,let Some(san) = san else { return Ok(()) };,9,false,tested,src/x509.rs::alternative_name_accessors_separate_the_families; a CA certificate without a SAN extension takes the else branch and reports no DNS names and no addresses.
src/x509.rs,if list.is_empty() {,8,true,tested,"src/x509.rs::an_empty_extensions_list_is_refused; an explicit [3] with an empty SEQUENCE is refused as ""empty extensions list"" (SIZE 1..MAX), while omitting [3] parses."
src/x509.rs,if entry.expect(T_OID)? == oid {,16,true,tested,"src/x509.rs::a_repeated_extension_is_refused; repeating any of the certificate's extensions at the front, in place or at the end is refused as ""duplicate extension"" (RFC 5280 4.2)."
src/x509.rs,if tag == T_GN_IP && val.len() != 4 && val.len() != 16 {,60,true,tested,"src/x509.rs::ip_address_alternative_names_require_address_lengths; iPAddress SANs of 0, 1, 3, 5, 8, 15, 17 and 32 octets are refused as ""iPAddress length""; 4 and 16 are accepted."
src/x509.rs,let Some(end) = after.find(END) else { break };,17,false,tested,"src/x509.rs::pem_bundles_skip_unusable_blocks; a BEGIN line with no END after it ends the scan, keeping the blocks already added, and alone yields InvalidConfig."
src/x509.rs,"let Ok(n) = ic_core::codec::base64_decode(&b64, &mut der) else {",17,false,tested,src/x509.rs::pem_bundles_skip_unusable_blocks; a block whose body is not base64 is skipped and later blocks still load.
src/x509.rs,if self.add_der(&der).is_ok() && self.anchors.len() > before {,16,false,tested,"src/x509.rs::pem_bundles_skip_unusable_blocks; a block of valid base64 holding non-certificate DER is skipped. The conjunct is implied by the anchor-count test beside it, so only inverting it is observable."
src/x509.rs,if added == 0 && self.anchors.is_empty() {,26,false,tested,"src/x509.rs::pem_bundles_skip_unusable_blocks; a bundle adding nothing (a duplicate, or only broken blocks) to a store that already has anchors returns Ok(0) instead of failing."
src/x509.rs,"if let Ok(p) = std::env::var(""SSL_CERT_FILE"") {",16,true,environment,"Depends on the process environment. SSL_CERT_FILE is process-global, and setting it in a test would race with the other tests in the binary; the_system_bundle_loads_when_present runs from_system on whatever the host provides."
src/x509.rs,if store.add_pem_bundle(&text).is_ok() {,20,false,environment,"Needs a file at one of the fixed system bundle paths that exists but holds no usable certificate; whether one exists is a property of the host filesystem, not of any input a test controls."
src/x509.rs,if let Some(ku) = cert.ext.key_usage {,12,false,tested,"src/x509.rs::absent_key_usage_does_not_restrict_either_role; an intermediate re-signed without KeyUsage still issues, since keyCertSign is required only when KeyUsage is present (RFC 5280 4.2.1.3)."
src/x509.rs,if constraint.len() != 2 * n {,8,true,tested,"src/x509.rs::ip_name_constraints_are_enforced; since REQ-X509-072 judges iPAddress as one name type, apply_name_constraints compares an address with subtrees of the other family, and this guard refuses the mismatch. Without it the test panics on the slice (checked by mutation, 2026-10-06)."
src/x509.rs,"if !matches!(tag, T_GN_DNS | T_GN_IP) {",16,true,tested,"src/x509.rs::other_name_forms_are_outside_dns_constraints; URI and rfc822Name SAN entries under a DNS-only constraint are passed over, while the dNSName beside them is still bound (accepted inside, CertificateUsage outside)."
src/x509.rs,"if best.map_or(true, |b| b.kind() == ErrorKind::UnknownCa) {",8,false,tested,"src/x509.rs::the_first_specific_path_failure_is_reported; with an expired and a non-CA candidate issuer, both validators report whichever specific failure came first (CertificateExpired or CertificateUsage, by order)."
src/x509.rs,if *budget == 0 {,16,true,tested,"src/x509.rs::anchor_attempts_draw_on_the_search_budget; an anchor refused by its name constraints at every step makes attempts alternate, so the owned search runs out on an anchor attempt with UnknownCa ""path search budget exhausted""."
src/x509.rs,|| cand.der == leaf.der,20,true,tested,"src/x509.rs::impossible_issuers_are_not_tried; a self-issued leaf passed as its own intermediate is not a candidate, so the result is UnknownCa rather than ""issuer is not a CA""."
src/x509.rs,"|| key_ids_disagree(current, cand.ext.ski)",20,true,tested,"src/x509.rs::impossible_issuers_are_not_tried; a same-named CA whose SKI disagrees with the leaf's AKI is skipped (UnknownCa, not a bad signature), and the real issuer beside it still verifies."
src/x509.rs,if let Some(ku) = leaf.ext.key_usage {,12,false,tested,"src/x509.rs::absent_key_usage_does_not_restrict_either_role; a leaf re-signed without KeyUsage is accepted, since digitalSignature is required only when KeyUsage is present."
src/x509.rs,if intermediates.len() > 7 || opts.max_depth > 8 {,35,true,tested,src/x509.rs::depth_limits_beyond_the_fixed_slots_are_refused; max_depth 9 is CapacityExceeded in verify_chain_fixed while verify_chain accepts the path; 8 is accepted by both.
src/x509.rs,if *budget == 0 {,20,true,tested,"This key covers two lines of verify_chain_fixed. Anchor loop: src/x509.rs::anchor_attempts_draw_on_the_search_budget exhausts the budget on an anchor attempt. Candidate loop: src/x509.rs::a_seven_slot_adversarial_graph_exhausts_both_budgets (seven hubs fit the slots, unlike the twelve-hub test) exhausts it on an intermediate candidate."
src/x509.rs,|| cand.der == leaf.der,24,true,tested,src/x509.rs::impossible_issuers_are_not_tried; the fixed search also refuses the leaf as its own issuer candidate (both validators must agree via verify_both).
src/x509.rs,"|| key_ids_disagree(current, cand.ext.ski)",24,true,tested,src/x509.rs::impossible_issuers_are_not_tried; the fixed search also skips a same-named CA whose SKI disagrees with the AKI.
src/x509.rs,if opts.crls.is_some() || opts.require_crl {,31,true,tested,src/x509.rs::crls_cover_every_link_in_both_validators; require_crl with no CRL store at all is BadCertificateStatus in the fixed validator as in the owned one.
src/x509.rs,let cert = if k == 0 {,27,false,tested,src/x509.rs::crls_cover_every_link_in_both_validators; a two-link path makes the fixed CRL loop check the intermediate (k = 1) as well as the leaf.
src/x509.rs,"let (subject, spki, ku) = if k + 1 < report.depth {",42,true,tested,"src/x509.rs::crls_cover_every_link_in_both_validators; the leaf is checked against its intermediate's CRL, not the anchor's; with both CRLs the path is reported crl_checked."
src/x509.rs,if opts.require_crl && !good {,16,false,tested,"src/x509.rs::crls_cover_every_link_in_both_validators; without require_crl, a missing CRL for one link leaves the path accepted with crl_checked false."
src/x509.rs,if opts.require_crl && !good {,36,true,tested,"src/x509.rs::crls_cover_every_link_in_both_validators; with require_crl, a missing CRL for either link is BadCertificateStatus in both validators."
src/x509.rs,"Some((first, rest)) => !first.is_empty() && dns_eq(rest, suffix),",40,false,tested,"src/x509.rs::a_wildcard_never_matches_an_empty_label; ""*.example.com"" does not match "".example.com"", whose first label is empty (REQ-X509-003)."
src/x509.rs,let len = if bytes[1] != 0 { 2 } else { 1 };,18,true,tested,"src/x509.rs::key_usage_encoding_reaches_the_second_octet; decipherOnly (bit 8) is encoded in a second octet with seven unused bits (X.690 11.2.2). Production issuance only sets bits 0, 5 and 6."
src/x509.rs,let unused = if last == 0 {,21,true,unreachable,"last is zero only when none of bits 0-8 is set. Every caller sets one: build() always includes digitalSignature (bit 0, the first octet's top bit), and the unit tests pass nonzero masks. With no bit it would emit [0, 0], a non-minimal encoding the parser refuses, so a future caller must not pass 0."
src/x509.rs,if serial.is_empty() {,8,true,tested,src/x509.rs::issued_serials_are_positive_minimal_integers; an all-zero configured serial is issued as INTEGER 1 (RFC 5280 4.1.2.2 requires a positive serial).
src/x509_crl.rs,0x17 | 0x18 if next_update.is_none() && revoked.is_empty() => {,28,false,defensive,"The field-order check just above (field <= last_field, REQ-CRL-007) lets a time field (field 1) through only once and only before revokedCertificates (field 2), so next_update is always None here. If not, the arm falls through to the ""unexpected field"" refusal."
src/x509_crl.rs,0x17 | 0x18 if next_update.is_none() && revoked.is_empty() => {,53,false,defensive,"Same field-order check: a time field after revokedCertificates has field 1 <= last_field 2 and is refused as misplaced before the match, so revoked is always empty here. If not, the arm falls through to the ""unexpected field"" refusal."
src/x509_crl.rs,if n == 0 {,12,true,tested,"src/x509_crl.rs::pem_text_without_crl_blocks_is_refused; text with no X509 CRL block (empty, plain, or only a CERTIFICATE block) is InvalidConfig ""no X509 CRL blocks""."
src/x509_crl.rs,let Ok(scheme) = scheme_from_alg(&crl.sig_alg) else {,13,false,tested,"src/x509_crl.rs::crls_under_unverifiable_algorithms_are_passed_over; a CRL under ecdsa-with-SHA224 (well formed, not verifiable here) neither shows good nor revokes, and an authentic CRL beside it is still used."
src/x509_crl.rs,if !allowed.contains(&scheme),12,true,tested,src/x509_crl.rs::crls_under_disallowed_schemes_count_for_nothing; a CRL whose scheme is outside the caller's allowed list neither shows good nor revokes.
src/x509_crl.rs,if n[first] & 0x80 != 0 {,8,true,tested,"src/x509_crl.rs::issued_crl_numbers_are_nonnegative_minimal_integers; CRL numbers 0x80, 0xff, 0x8000 and u64::MAX get a leading zero octet and parse (REQ-CRL-018)."
src/x509_ocsp.rs,if t != T_GENERALIZED_TIME {,8,true,tested,"src/x509_ocsp.rs::single_response_this_update_requires_generalized_time; a SingleResponse thisUpdate in UTCTime is BadCertificateStatus ""thisUpdate is not GeneralizedTime"" (RFC 6960 4.2.1)."
src/x509_ocsp.rs,if rid_tag == T_CTX1 && rid_value != responder.subject {,20,false,tested,"src/x509_ocsp.rs::delegated_responders_may_be_identified_by_key; a delegate identified byKey is accepted (delegated) whatever its subject, and one lacking id-kp-OCSPSigning is still refused."
src/x509_ocsp.rs,if pt != T_GENERALIZED_TIME {,8,true,tested,"src/x509_ocsp.rs::produced_at_requires_generalized_time; an issuer-signed response with producedAt in UTCTime is BadCertificateStatus ""producedAt is not GeneralizedTime"", and the same time as GeneralizedTime verifies."
src/x509_ocsp.rs,"let (Some(n), Some(k)) = (",21,false,defensive,"In this match arm hash_oid is SHA-256, SHA-384 or SHA-512, for which digest_fixed always returns Some: Output::from_slice fails only for a digest longer than MAX_HASH_LEN (64), and SHA-512's is exactly 64."
src/x509_ocsp.rs,if leaf.issuer != issuer.subject {,8,true,tested,"src/x509_ocsp.rs::ocsp_issuance_requires_the_leafs_issuer; building a response with an issuer certificate whose subject is not the leaf's issuer is InvalidConfig ""issuer does not match the certificate""."
src/ech.rs,|| self.public_key.len() != 32,16,true,tested,"src/ech.rs::an_x25519_key_of_the_wrong_length_is_unusable: X25519 configurations with 1-, 31-, 33- and 65-byte keys parse but have no usable suite, so select_config refuses them with invalid_config instead of sending the name in the clear."
src/ech.rs,if public_key.is_empty() {,12,true,tested,src/ech.rs::ech_configuration_key_and_name_require_entries: an ECHConfig whose public_key vector is empty (RFC 9849 section 4 requires 1..2^16-1 bytes) is a decode error.
src/ech.rs,.filter(|n| !n.is_empty() && n.is_ascii()),25,false,tested,"src/ech.rs::ech_configuration_key_and_name_require_entries: an empty public_name makes the filter fail, so the configuration is refused with ""ECHConfig public_name"" (non-ASCII and non-UTF-8 names likewise)."
src/ech.rs,if public_name.is_empty() || public_name.len() > 255 || !public_name.is_ascii() {,12,true,tested,"src/ech.rs::a_server_ech_public_name_must_be_valid: EchServer::generate with an empty public_name is invalid_config ""ECH public_name""."
src/ech.rs,if public_name.is_empty() || public_name.len() > 255 || !public_name.is_ascii() {,38,true,tested,"src/ech.rs::a_server_ech_public_name_must_be_valid: a 256-byte public_name is invalid_config ""ECH public_name"", while 255 bytes is accepted."
src/ech.rs,if public_name.is_empty() || public_name.len() > 255 || !public_name.is_ascii() {,65,true,tested,"src/ech.rs::a_server_ech_public_name_must_be_valid: a non-ASCII public_name is invalid_config ""ECH public_name""."
src/ech.rs,if list.is_empty() {,12,true,tested,"src/ech.rs::inner_reconstruction_refuses_an_empty_outer_extensions_list: an ech_outer_extensions with no references (RFC 9849 section 5.1, OuterExtensions<2..254>) is illegal_parameter."
src/resumption.rs,now >= self.received_at && now - self.received_at < u64::from(self.lifetime),9,false,tested,"src/resumption.rs::a_ticket_is_not_valid_before_it_was_received: at a time before the ticket was received (a clock stepped back) valid_at is false, and MemoryTicketStore::take drops the ticket instead of handing it out."
src/resumption.rs,let Ok(mut seen) = self.seen.lock() else {,13,false,defensive,"The else arm runs only if the private `seen` mutex is poisoned, i.e. a thread panicked while holding it. It is locked only inside insert_fresh, whose critical section (retain, len, entry/insert on a map capped at CAPACITY) has no panicking operation. Kept so a poisoned guard fails closed by refusing the 0-RTT attempt."
src/resumption.rs,let Ok(mut all) = self.tickets.lock() else {,13,false,defensive,"The else arm runs only if the private `tickets` mutex is poisoned. It is locked only in len, put and take, none of which can panic while holding it: same[0] is read only when same.len() >= PER_SERVER, remove(0) only when len >= CAPACITY, and take removes an index returned by rposition. Kept so a poisoned store drops the ticket instead of panicking."
src/resumption.rs,let leaf: &[u8] = if self.client_leaf.len() <= MAX_LEAF_IN_TICKET {,30,false,tested,"src/resumption.rs::an_oversized_client_certificate_is_left_out_of_the_ticket: a 16 KiB client leaf is kept in the sealed state and a 16 KiB + 1 byte one is omitted, while client_authenticated and the PSK survive."
src/server.rs,if ext.hash != hash {,20,true,tested,tests/coverage_server.rs::an_external_psk_without_a_suite_for_its_hash_is_passed_over: a SHA-384 external PSK offered with only TLS_AES_128_GCM_SHA256 is skipped before its (stale) binder is checked; the ServerHello selects no PSK and the server signs with its certificate.
src/server.rs,let Some(keys) = &self.config.tickets else {,13,false,tested,tests/coverage_server.rs::a_server_without_ticket_keys_ignores_offered_tickets: a server with tickets = None given a ticket gives a full certificate-authenticated handshake and issues no ticket.
src/server.rs,let current = now >= state.created.saturating_sub(60),27,false,tested,"tests/coverage_server.rs::a_ticket_from_the_future_is_not_accepted: a ticket stamped an hour ahead of the server's clock is not current and gives a full handshake; one 30 s ahead, inside the 60 s tolerance, resumes."
src/server.rs,if !current || !same_hash || state.server_name != sni {,28,true,tested,tests/coverage_server.rs::a_ticket_resumes_only_under_its_own_hash: a TLS_AES_256_GCM_SHA384 ticket offered to a server negotiating a SHA-256 suite is passed over and the handshake is full.
src/server.rs,"(S::WaitFinished, HandshakeType::EndOfEarlyData) if self.pending_hs_read.is_some() => {",65,false,tested,"tests/coverage_server.rs::quic_refuses_end_of_early_data: QUIC never sets pending_hs_read, so an EndOfEarlyData in WAIT_FINISHED falls through to unexpected_message (QUIC error 0x010a), as RFC 9001 section 8.3 requires."
src/server.rs,if !body.is_empty() {,20,true,tested,"src/server.rs::end_of_early_data_is_empty_and_comes_before_finished: after accepted 0-RTT over TCP, an EndOfEarlyData with a body is decode_error ""EndOfEarlyData has no body""."
src/server.rs,"(S::WaitFinished, HandshakeType::Finished) if self.pending_hs_read.is_some() => {",59,true,tested,"src/server.rs::end_of_early_data_is_empty_and_comes_before_finished: a client Finished while accepted 0-RTT is still open is unexpected_message ""Finished before EndOfEarlyData""."
src/server.rs,") if self.pending_pha.is_some() => self.on_post_handshake(core, ty, body, msg),",18,false,tested,"tests/coverage_server.rs::quic_refuses_client_authentication_messages_after_the_handshake: a Certificate, CertificateVerify or Finished at the 1-RTT level with no outstanding CertificateRequest is unexpected_message."
src/server.rs,if core.state != S::Connected || core.is_quic() {,12,true,tested,"tests/coverage_server.rs::client_authentication_cannot_be_requested_mid_handshake: request_client_auth before the ClientHello and in WAIT_FINISHED is invalid_state, and no CertificateRequest is sent."
src/server.rs,if core.state != S::Connected || core.is_quic() {,42,true,defensive,"request_client_auth is reached only through Connection::request_client_auth. Connection::server always builds TLS over TCP (quic = None), and the only QUIC constructor, QuicConnection::server, keeps its Connection private and does not expose request_client_auth, so is_quic() is false here. Kept so any future QUIC entry point fails closed (RFC 9001 section 4.4)."
src/server.rs,if !p.schemes.contains(&cv.scheme) {,20,true,tested,"src/server.rs::a_step_up_certificate_verify_must_use_a_requested_scheme: a post-handshake CertificateVerify signed with rsa_pkcs1_sha256, which the request never offered, is illegal_parameter before any signature check."
src/server.rs,!report.schemes.is_empty(),21,false,tested,"tests/coverage_server.rs::post_handshake_authentication_keeps_post_quantum_claims_honest: an ML-DSA client leaf trusted directly as an anchor verifies no chain signature, so the step-up is not ML-DSA end to end and the post-quantum authentication claim is withdrawn. This gap exposed a defect, now fixed: the result was computed but never read."
src/server.rs,let Some(server) = self.config.ech.clone() else {,13,false,tested,"tests/coverage_server.rs::a_server_without_ech_keys_rejects_ech_and_continues_on_the_outer_hello: a server without ECH keys continues on the outer hello (ech:rejected, SNI the public name), and the client aborts with error:ech-rejected and no retry configurations."
src/server.rs,let encoded = if self.retried && self.ech_accepted {,42,false,tested,"tests/coverage_server.rs::ech_rejected_before_a_retry_stays_rejected: after ECH was rejected and a HelloRetryRequest sent, the second hello (carrying a freshly sealed, valid inner hello) takes the retried-but-not-accepted path."
src/server.rs,} else if self.retried {,19,true,tested,tests/coverage_server.rs::ech_rejected_before_a_retry_stays_rejected: the second hello's ECH is not opened; the server continues on the outer hello with ech:rejected and no EncryptedClientHello property.
src/server.rs,"let Some((cfg, key)) = server.find(*config_id, *suite) else {",17,false,tested,"tests/coverage_server.rs::an_ech_offer_the_server_cannot_open_is_rejected_not_fatal: an outer hello naming an unknown config_id is rejected, not fatal; the server continues on the outer hello (a correctly sealed control is accepted)."
src/server.rs,"let Ok(mut ctx) = hpke::setup_receiver(enc, key, &cfg.hpke_info(), suite.1) else {",17,false,tested,"tests/coverage_server.rs::an_ech_offer_the_server_cannot_open_is_rejected_not_fatal: an all-zero enc, whose X25519 output HPKE refuses (RFC 9180 section 7.1.4), is rejected, not fatal."
src/server.rs,if inner.ech != Some(msgs::EchHello::Inner) {,12,true,tested,tests/coverage_server.rs::a_client_hello_inner_without_the_inner_marker_is_illegal: a validly sealed ClientHelloInner without the inner ECH extension is illegal_parameter (RFC 9849 section 7.1) with alert 47 on the wire.
src/server.rs,"let Some((0, st)) = resumption else {",13,false,tested,"tests/coverage_server.rs::early_data_is_refused_on_any_identity_but_the_first: a ticket that verifies as the second PSK identity resumes (selected_psk 1), but its early data is rejected; the decoy first identity carries the real age so only the position refuses."
src/server.rs,&& (st.max_early_data != u32::MAX,17,true,tested,"tests/coverage_server.rs::quic_refuses_early_data_on_a_tcp_ticket: a TCP ticket (max_early_data 16384) offered with early_data over QUIC resumes but installs no 0-RTT key; the server's transport parameters equal the ticket's, so only this clause refuses."
src/server.rs,if st.external_psk,12,true,tested,"tests/coverage_server.rs::a_ticket_from_an_external_psk_session_resumes_without_early_data: a ticket issued in an external-PSK session carries max_early_data 16384, so this clause alone refuses its 0-RTT, and the client gets its data back."
src/server.rs,|| st.max_early_data == 0,16,true,tested,"tests/coverage_server.rs::a_ticket_issued_without_early_data_admits_none: a ticket from a server without a 0-RTT policy, offered with early_data (binder recomputed), resumes at a server with a policy but its early data is rejected."
src/server.rs,|| st.suite != suite,16,true,tested,tests/coverage_server.rs::early_data_needs_the_tickets_suite: an AES-128-GCM ticket resumed under ChaCha20-Poly1305 (same hash) has its early data rejected and returned to the client.
src/server.rs,|| alpn.unwrap_or(&[]) != st.alpn.as_slice(),16,true,tested,"tests/coverage_server.rs::early_data_needs_the_tickets_alpn_protocol: a ticket issued under h2, resumed where http/1.1 is negotiated, has its early data rejected and returned to the client."
src/server.rs,let Some(offered) = &ch.psk else {,13,false,defensive,"resumption is Some only when try_resume returned it for this same hello, and try_resume returns Ok(None) at its own `let Some(offered) = &ch.psk else` when the hello has no pre_shared_key."
src/server.rs,"let (Some(id), Some(binder)) = (offered.identities.first(), offered.binders.first()) else {",13,false,defensive,"OfferedPsks::decode refuses an empty identity list and identities and binders that do not pair up (""PSK identities and binders do not pair up""), so a decoded pre_shared_key always has a first identity and a first binder."
src/server.rs,if !fits.is_empty() {,16,false,tested,"tests/coverage_server.rs::an_external_psk_without_a_suite_for_its_hash_is_passed_over: no offered suite has the PSK's hash, so the server keeps its whole suite list and negotiates TLS_AES_128_GCM_SHA256."
src/server.rs,let pick = if self.config.prefer_server_order {,23,false,tested,"tests/coverage_server.rs::suite_selection_follows_the_configured_preference: with prefer_server_order false the client's first suite wins; with it true, the server's."
src/server.rs,if ours.is_empty() || ch.alpn.is_empty() {,31,true,tested,"tests/coverage_server.rs::a_client_without_alpn_is_refused_only_where_alpn_is_required: servers with ALPN protocols receive hellos offering none, over TCP and QUIC."
src/server.rs,if core.is_quic() {,16,true,tested,"tests/coverage_server.rs::a_client_without_alpn_is_refused_only_where_alpn_is_required: a QUIC hello without ALPN is no_application_protocol ""QUIC requires ALPN"", QUIC error 0x0178."
src/server.rs,if !ours.is_empty() && self.config.common.require_alpn {,16,true,tested,tests/coverage_server.rs::a_client_without_alpn_is_refused_only_where_alpn_is_required: over TCP a server with protocols configured reaches the require_alpn decision.
src/server.rs,if !ours.is_empty() && self.config.common.require_alpn {,36,both,tested,tests/coverage_server.rs::a_client_without_alpn_is_refused_only_where_alpn_is_required: require_alpn true refuses with no_application_protocol (alert 120 to the client); false completes with no protocol.
src/server.rs,if ch.groups.is_empty() || (ch.key_shares.is_empty() && ch.groups.is_empty()) {,65,true,unreachable,"The second ch.groups.is_empty() is evaluated only after the first operand, the same expression, was false, so it is always false; the condition as written equals ch.groups.is_empty() (a hello with groups but no share is handled by the share/HelloRetryRequest logic)."
src/server.rs,if core.is_quic() && !ch.session_id.is_empty() {,30,true,tested,"tests/coverage_server.rs::quic_refuses_a_legacy_session_id: a QUIC ClientHello with a 32-byte legacy_session_id is illegal_parameter (RFC 9001 section 8.4), QUIC error 0x012f."
src/server.rs,if !ch.session_id.is_empty() && !core.is_quic() {,41,false,defensive,"send_retry is reached only after on_client_hello's `core.is_quic() && !ch.session_id.is_empty()` check has refused QUIC hellos with a session ID, so a non-empty session ID here implies TLS over TCP."
src/server.rs,if ch.random != first.random,12,true,tested,"tests/coverage_server.rs::a_second_client_hello_keeps_its_fields_and_carries_only_the_requested_share: a changed random is illegal_parameter ""changed a field it must not""."
src/server.rs,|| ch.session_id != first.session_id,16,true,tested,tests/coverage_server.rs::a_second_client_hello_keeps_its_fields_and_carries_only_the_requested_share: a changed legacy_session_id is illegal_parameter.
src/server.rs,|| ch.suites != first.suites,16,true,tested,tests/coverage_server.rs::a_second_client_hello_keeps_its_fields_and_carries_only_the_requested_share: reordered cipher suites are illegal_parameter.
src/server.rs,Some(g) if ch.key_shares.len() != 1 || ch.key_shares[0].0 != g => {,24,true,tested,"tests/coverage_server.rs::a_second_client_hello_keeps_its_fields_and_carries_only_the_requested_share: two key shares (the requested one plus another) are illegal_parameter ""does not carry exactly the requested share""."
src/server.rs,Some(g) if ch.key_shares.len() != 1 || ch.key_shares[0].0 != g => {,52,true,tested,tests/coverage_server.rs::a_second_client_hello_keeps_its_fields_and_carries_only_the_requested_share: a single share for a group other than the one requested is illegal_parameter.
src/server.rs,if !cert.context.is_empty() {,12,true,tested,tests/coverage_server.rs::an_in_handshake_client_certificate_must_have_an_empty_context: a client Certificate with a non-empty certificate_request_context during the handshake is illegal_parameter (RFC 8446 section 4.4.2).
src/server.rs,self.client_pq_chain = !report.schemes.is_empty(),40,false,tested,"tests/coverage_server.rs::mutual_post_quantum_authentication_needs_an_ml_dsa_client_chain: an ML-DSA client leaf trusted directly as an anchor verifies no chain signature, so the session is mutually but not post-quantum authenticated."
src/server.rs,if !self.cr_schemes.contains(&cv.scheme) {,12,true,tested,"tests/coverage_server.rs::an_in_handshake_certificate_verify_must_use_a_requested_scheme: a client CertificateVerify signed with rsa_pkcs1_sha256, never requested, is illegal_parameter before any signature check."
src/server.rs,"None => local_pq && (!self.client_authenticated || self.client_pq_chain),",34,false,tested,"tests/coverage_server.rs::mutual_post_quantum_authentication_needs_an_ml_dsa_client_chain: with the server's own ML-DSA signature and an authenticated client, post-quantum authentication holds for an ML-DSA chain and not for an ECDSA one."
src/server.rs,if !cert_auth && self.external_session {,26,false,tested,"tests/coverage_server.rs::a_ticket_from_an_external_psk_session_resumes_without_early_data: resuming a ticket from an external-PSK session is PSK-authenticated, not certificate-authenticated, but is not a fresh external-PSK session (no external-psk-accepted event; verification stays the configured id)."
